State,Time_ms,Time (ms),Voltage,Pt_stat_press,Pt_dyna_press,Pt_alt,Pt_speed,Pt_temp,Upust_state,MValve_state,Tank_press,Press,Altitude,Alt (filtered),Speed,Speed (excel),Acceleration,Acceleration (excel),sepb1,sepb2
5,4704096,723,12.27,999.57,1000.48,24.32,0,23.62,0,1,,943.3,109,,"32,79",,"-131,63",,0,25
5,4704147,774,12.27,999.57,1000.48,24.32,0,23.62,0,1,,943.05,111,,"40,82",,"163,87",,0,25
5,4704198,825,12.27,999.57,1000.48,24.32,0,23.62,0,1,,943.05,111,,0,,"-832,99",,0,25
5,4704250,877,12.27,999.57,1000.48,24.32,0,23.62,0,1,,942.83,113,,"40,82",,"832,99",,0,25
5,4704302,929,12.21,999.57,1000.48,24.32,0,23.62,2,1,"44,08",942.55,116,,"61,22",,"416,49",,0,25
5,4704354,981,12.21,999.57,1000.48,24.32,0,23.62,2,1,,942.26,118,,"32,79",,"-466,19",,0,25
5,4704405,1032,12.21,999.57,1000.48,24.32,0,23.62,2,1,,941.97,121,,60,,"544,26",,0,25
5,4704457,1084,12.21,999.57,1000.48,24.32,0,23.62,2,1,,941.97,121,,0,,"-1224,49",,0,25
5,4704508,1135,12.21,999.57,1000.48,24.32,0,23.62,2,1,,941.64,124,"124,4444444","61,22",36159,"1249,48",60420,0,25
5,4704560,1187,12.21,999.57,1000.48,24.32,0,23.62,2,1,,941.32,127,,"61,22",,0,,0,25
5,4704612,1239,12.21,999.57,1000.48,24.32,0,23.62,2,1,,940.96,130,,"49,18",,"-197,45",,0,25
5,4704663,"1,29",12.21,999.57,1000.48,24.32,0,23.62,2,1,,940.96,130,,0,,"-1003,68",,0,25
5,4704714,1341,12.21,999.57,1000.48,24.32,0,23.62,2,1,,940.57,133,,"61,22",,"1249,48",,0,25
5,4704765,1392,12.27,999.57,1000.48,24.32,0,23.62,2,1,"41,66",940.15,137,,"81,63",,"416,49",,0,25
5,4704817,1444,12.27,999.57,1000.48,24.32,0,23.62,2,1,,939.64,142,,"102,04",,"416,49",,0,25
5,4704869,1496,12.27,999.57,1000.48,24.32,0,23.62,2,1,,939.14,146,,"65,57",,"-597,82",,0,25
5,4704921,1548,12.27,999.57,1000.48,24.32,0,23.62,2,1,,939.14,146,,0,,"-1338,24",,0,25
5,4704972,1599,12.27,999.57,1000.48,24.32,0,23.62,2,1,,938.69,150,"150,8888889","81,63",56992,"1665,97",44899,0,25
5,4705023,"1,65",12.27,999.57,1000.48,24.32,0,23.62,2,1,,938.2,155,,"102,04",,"416,49",,0,25
5,4705078,1705,12.27,999.57,1000.48,24.32,0,23.62,2,1,,937.69,159,,"81,63",,"-416,49",,0,25
5,4705130,1757,12.27,999.57,1000.48,24.32,0,23.62,2,1,,937.69,159,,0,,"-1103,14",,0,25
5,4705181,1808,12.27,999.57,1000.48,24.32,0,23.62,2,1,,937.15,164,,"135,14",,"3652,3",,0,25
5,4705232,1859,12.27,999.57,1000.48,24.32,0,23.62,2,1,,936.43,170,,"122,45",,"-258,9",,0,25
5,4705284,1911,12.09,999.57,1000.48,24.32,0,23.62,2,1,"40,01",935.77,176,,"122,45",,0,,0,25
5,4705336,1963,12.09,999.57,1000.48,24.32,0,23.62,2,1,,935.03,183,,"114,75",,"-126,15",,0,25
5,4705388,2015,12.09,999.57,1000.48,24.32,0,23.62,2,1,,935.03,183,,0,,"-2341,92",,0,25
5,4705440,2067,12.09,999.57,1000.48,24.32,0,23.62,2,1,,934.39,189,"189,7777778","85,71",83096,"1224,49",55777,0,25
5,4705492,2119,12.09,999.57,1000.48,24.32,0,23.62,2,1,,933.7,195,,"162,16",,"2066,16",,0,25
5,4705543,"2,17",12.09,999.57,1000.48,24.32,0,23.62,2,1,,932.97,201,,"122,45",,"-810,47",,0,25
5,4705594,2221,12.09,999.57,1000.48,24.32,0,23.62,2,1,,932.97,201,,0,,"-2498,96",,0,25
5,4705646,2273,12.09,999.57,1000.48,24.32,0,23.62,2,1,,932.07,210,,"183,67",,"3748,44",,0,25
5,4705698,2325,12.09,999.57,1000.48,24.32,0,23.62,2,1,,931.19,217,,"114,75",,"-1129,83",,0,25
5,4705750,2377,12.09,999.57,1000.48,24.32,0,23.62,2,1,,930.03,228,,"224,49",,"2239,5",,0,25
5,4705801,2428,12.29,999.57,1000.48,24.32,0,23.62,2,1,"37,23",928.95,238,,"204,08",,"-416,49",,0,25
5,4705852,2479,12.29,999.57,1000.48,24.32,0,23.62,2,1,,928.95,238,,0,,"-4164,93",,0,25
5,4705904,2531,12.29,999.57,1000.48,24.32,0,23.62,2,1,,927.93,247,248,"183,67",125479,"3748,44",91343,0,25
5,4705956,2583,12.29,999.57,1000.48,24.32,0,23.62,2,1,,926.92,256,,"147,54",,"-592,34",,0,25
5,4706007,2634,12.29,999.57,1000.48,24.32,0,23.62,2,1,,925.85,266,,"204,08",,"1153,89",,0,25
5,4706058,2685,12.29,999.57,1000.48,24.32,0,23.62,2,1,,925.85,266,,0,,"-4164,93",,0,25
5,4706110,2737,12.29,999.57,1000.48,24.32,0,23.62,2,1,,924.69,276,,"204,08",,"4164,93",,0,25
5,4706162,2789,12.29,999.57,1000.48,24.32,0,23.62,2,1,,923.59,286,,"204,08",,0,,0,25
5,4706214,2841,12.29,999.57,1000.48,24.32,0,23.62,2,1,,922.74,294,,"131,15",,"-1195,64",,0,25
5,4706265,2892,12.29,999.57,1000.48,24.32,0,23.62,2,1,"35,06",921.93,301,,"142,86",,"238,97",,0,25
5,4706317,2944,12.28,999.57,1000.48,24.32,0,23.62,2,1,,921.93,301,,0,,"-2915,45",,0,25
5,4706369,2996,12.28,999.57,1000.48,24.32,0,23.62,2,1,,921,310,"311,4444444","183,67",136440,"3748,44",23571,0,25
5,4706421,3048,12.28,999.57,1000.48,24.32,0,23.62,2,1,,920.07,318,,"131,15",,"-861,08",,0,25
5,4706472,3099,12.28,999.57,1000.48,24.32,0,23.62,2,1,,918.93,329,,220,,"1777,05",,0,25
5,4706524,3151,12.28,999.57,1000.48,24.32,0,23.62,2,1,,918.93,329,,0,,"-4489,8",,0,25
5,4706575,3202,12.28,999.57,1000.48,24.32,0,23.62,2,1,,918.27,335,,"122,45",,"2498,96",,0,25
5,4706627,3254,12.28,999.57,1000.48,24.32,0,23.62,2,1,,917.55,341,,"122,45",,0,,0,25
5,4706679,3306,12.28,999.57,1000.48,24.32,0,23.62,2,1,,916.9,347,,"98,36",,"-394,89",,0,25
5,4706730,3357,12.28,999.57,1000.48,24.32,0,23.62,2,1,,916.48,351,,"81,63",,"-341,39",,0,25
5,4706781,3408,12.28,999.57,1000.48,24.32,0,23.62,2,1,"27,98",916.48,351,,0,,"-1665,97",,0,25
5,4706832,3459,12.28,999.57,1000.48,24.32,0,23.62,2,1,,915.74,358,"367,4444444","142,86",120950,"2915,45",-33454,0,25
5,4706884,3511,12.28,999.57,1000.48,24.32,0,23.62,2,1,,914.32,371,,"265,31",,"2498,96",,0,25
5,4706936,3563,12.28,999.57,1000.48,24.32,0,23.62,2,1,,912.33,389,,"295,08",,"488,13",,0,25
5,4706987,3614,12.28,999.57,1000.48,24.32,0,23.62,2,1,,912.33,389,,0,,"-6022,08",,0,25
5,4707038,3665,12.28,999.57,1000.48,24.32,0,23.62,2,1,,909.98,410,,"428,57",,"8746,36",,0,25
5,4707090,3717,12.28,999.57,1000.48,24.32,0,23.62,2,1,,908.23,427,,"346,94",,"-1665,97",,0,25
5,4707141,3768,12.28,999.57,1000.48,24.32,0,23.62,2,1,,906.46,443,,"326,53",,"-416,49",,0,25
5,4707193,"3,82",12.28,999.57,1000.48,24.32,0,23.62,2,1,,904.73,459,,"262,3",,"-1053,04",,0,25
5,4707245,3872,12.28,999.57,1000.48,24.32,0,23.62,2,1,,904.73,459,,0,,"-5352,96",,0,25
5,4707297,3924,12.17,999.57,1000.48,24.32,0,23.62,2,1,"20,04",903.16,473,"472,6666667","285,71",226284,"5830,9",226525,0,25
5,4707349,3976,12.17,999.57,1000.48,24.32,0,23.62,2,1,,901.65,487,,"285,71",,0,,0,25
5,4707400,4027,12.17,999.57,1000.48,24.32,0,23.62,2,1,,900.39,499,,"196,72",,"-1458,9",,0,25
5,4707451,4078,12.17,999.57,1000.48,24.32,0,23.62,2,1,,900.39,499,,0,,"-4014,72",,0,25
5,4707502,4129,12.17,999.57,1000.48,24.32,0,23.62,2,1,,899.44,508,,180,,3600,,0,25
5,4707553,"4,18",12.17,999.57,1000.48,24.32,0,23.62,2,1,,898.48,517,,"183,67",,"74,97",,0,25
5,4707605,4232,12.17,999.57,1000.48,24.32,0,23.62,2,1,,897.54,525,,"163,27",,"-416,49",,0,25
5,4707656,4283,12.17,999.57,1000.48,24.32,0,23.62,2,1,,897.54,525,,0,,"-3331,95",,0,25
5,4707708,4335,12.17,999.57,1000.48,24.32,0,23.62,2,1,,896.02,539,,"229,51",,"3762,43",,0,25
5,4707759,4386,12.17,999.57,1000.48,24.32,0,23.62,2,1,,894.26,556,"555,6666667","346,94",179654,"2396,54",-100932,0,25
5,4707810,4437,12.32,999.57,1000.48,24.32,0,23.62,2,1,"13,64",892.9,569,,"265,31",,"-1665,97",,0,25
5,4707862,4489,12.32,999.57,1000.48,24.32,0,23.62,2,1,,891.31,583,,"285,71",,"416,49",,0,25
5,4707914,4541,12.32,999.57,1000.48,24.32,0,23.62,2,1,,891.31,583,,0,,"-5830,9",,0,25
5,4707966,4593,12.32,999.57,1000.48,24.32,0,23.62,2,1,,889.12,604,,"344,26",,"5643,64",,0,25
5,4708017,4644,12.32,999.57,1000.48,24.32,0,23.62,2,1,,886.68,627,,"469,39",,"2553,58",,0,25
5,4708069,4696,12.32,999.57,1000.48,24.32,0,23.62,2,1,,884.07,651,,"489,8",,"416,49",,0,25
5,4708120,4747,12.32,999.57,1000.48,24.32,0,23.62,2,1,,884.07,651,,0,,"-9995,84",,0,25
5,4708172,4799,12.32,999.57,1000.48,24.32,0,23.62,2,1,,882.31,668,,"278,69",,"4568,66",,0,25
5,4708223,"4,85",12.32,999.57,1000.48,24.32,0,23.62,2,1,,881.12,679,"669,5555556","224,49",245450,"-1106,1",141803,0,25
5,4708274,4901,12.28,999.57,1000.48,24.32,0,23.62,2,1,"8,23",880.61,684,,100,,"-2489,8",,0,25
5,4708325,4952,12.28,999.57,1000.48,24.32,0,23.62,2,1,,880.1,689,,"104,17",,"86,81",,0,25
5,4708376,5003,12.28,999.57,1000.48,24.32,0,23.62,2,1,,880.1,689,,0,,"-2125,85",,0,25
5,4708427,5054,12.28,999.57,1000.48,24.32,0,23.62,2,1,,880.2,688,,"-20,41",,"-416,49",,0,25
5,4708479,5106,12.28,999.57,1000.48,24.32,0,23.62,2,1,,877.93,709,,"344,26",,"5978,2",,0,25
5,4708531,5158,12.28,999.57,1000.48,24.32,0,23.62,2,1,,873.2,754,,900,,"11114,75",,0,25
5,4708582,5209,12.28,999.57,1000.48,24.32,0,23.62,2,1,,873.2,754,,0,,"-18367,35",,0,25
5,4708634,5261,12.28,999.57,1000.48,24.32,0,23.62,2,1,,868.39,800,,"938,78",,"19158,68",,0,25
5,4708686,5313,12.28,999.57,1000.48,24.32,0,23.62,2,1,,866.03,822,"772,4444444","448,98",222222,"-9995,83",-50168,0,25
5,4708738,5365,12.28,999.57,1000.48,24.32,0,23.62,2,1,,866.76,815,,"-114,75",,"-9241,54",,0,25
5,4708790,5417,12.3,999.57,1000.48,24.32,0,23.62,2,1,"4,54",870.74,777,,"-775,51",,"-13484,82",,0,25
5,4708841,5468,12.3,999.57,1000.48,24.32,0,23.62,2,1,,870.74,777,,0,,"15826,74",,0,25
5,4708893,"5,52",12.3,999.57,1000.48,24.32,0,23.62,2,1,,874.28,744,,"-673,47",,"-13744,27",,0,25
5,4708945,5572,12.3,999.57,1000.48,24.32,0,23.62,2,1,,871.29,772,,"459,02",,"18565,34",,0,25
5,4708997,5624,12.3,999.57,1000.48,24.32,0,23.62,2,1,,865.01,832,,"1224,49",,"15621,91",,0,25
5,4709049,5676,12.3,999.57,1000.48,24.32,0,23.62,2,1,,865.01,832,,0,,"-24989,59",,0,25
5,4709100,5727,12.3,999.57,1000.48,24.32,0,23.62,2,1,,858.82,891,,"1204,08",,"24573,1",,0,25
5,4709152,5779,12.3,999.57,1000.48,24.32,0,23.62,2,1,,858.46,895,"854,7777778","65,57",176681,"-18664,06",-97728,0,25
5,4709204,5831,12.3,999.57,1000.48,24.32,0,23.62,2,1,,860.15,879,,"-326,53",,"-8002,13",,0,25
5,4709256,5883,12.3,999.57,1000.48,24.32,0,23.62,2,1,,862.13,860,,"-387,76",,"-1249,48",,0,25
5,4709308,5935,12.32,999.57,1000.48,24.32,0,23.62,2,1,"2,62",862.13,860,,0,,"7913,37",,0,25
5,4709360,5987,12.32,999.57,1000.48,24.32,0,23.62,2,1,,860.8,872,,"196,72",,"3224,94",,0,25
5,4709412,6039,12.32,999.57,1000.48,24.32,0,23.62,2,1,,857.18,907,,"714,29",,"10562,54",,0,25
5,4709464,6091,12.32,999.57,1000.48,24.32,0,23.62,2,1,,853.5,943,,"734,69",,"416,49",,0,25
5,4709515,6142,12.32,999.57,1000.48,24.32,0,23.62,2,1,,853.5,943,,0,,"-14993,75",,0,25
5,4709567,6194,12.32,999.57,1000.48,24.32,0,23.62,2,1,,851.3,964,,420,,8400,,0,25
5,4709619,6246,12.32,999.57,1000.48,24.32,0,23.62,2,1,,848.14,995,"980,1111111","508,2",268380,"1445,85",196357,0,25
5,4709670,6297,12.32,999.57,1000.48,24.32,0,23.62,2,1,,845.94,1016,,"428,57",,"-1625,01",,0,25
5,4709722,6349,12.32,999.57,1000.48,24.32,0,23.62,2,1,,845.72,1018,,"40,82",,"-7913,37",,0,25
5,4709774,6401,12.43,999.57,1000.48,24.32,0,23.62,2,1,"1,07",845.72,1018,,0,,"-832,99",,0,25
5,4709826,6453,12.43,999.57,1000.48,24.32,0,23.62,2,1,,845.86,1017,,"-16,39",,"-268,74",,0,25
5,4709878,6505,12.43,999.57,1000.48,24.32,0,23.62,2,1,,845.85,1017,,0,,"334,56",,0,25
5,4709929,6556,12.43,999.57,1000.48,24.32,0,23.62,2,1,,845.41,1021,,"81,63",,"1665,97",,0,25
5,4709980,6607,12.43,999.57,1000.48,24.32,0,23.62,2,1,,845.41,1021,,0,,"-1665,97",,0,25
5,4710031,6658,12.43,999.57,1000.48,24.32,0,23.62,2,1,,842.72,1048,,"551,02",,"11245,32",,0,25
5,4710083,"6,71",12.43,999.57,1000.48,24.32,0,23.62,2,1,,839.36,1080,1077,"524,59",208812,"-433,28",-128378,0,25
5,4710134,6761,12.43,999.57,1000.48,24.32,0,23.62,2,1,,836.97,1104,,"489,8",,"-710,09",,0,25
5,4710185,6812,12.43,999.57,1000.48,24.32,0,23.62,2,1,,834.66,1127,,"469,39",,"-416,49",,0,25
5,4710237,6864,12.43,999.57,1000.48,24.32,0,23.62,2,1,,834.66,1127,,0,,"-9579,34",,0,25
5,4710288,6915,12.22,999.57,1000.48,24.32,0,23.62,2,1,0,832.55,1148,,"428,57",,"8746,36",,0,25
5,4710340,6967,12.22,999.57,1000.48,24.32,0,23.62,2,1,0,831.88,1154,,"98,36",,"-5413,29",,0,25
5,4710391,7018,12.22,999.57,1000.48,24.32,0,23.62,2,1,0,831.89,1154,,0,,"-2007,36",,0,25
5,4710442,7069,12.22,999.57,1000.48,24.32,0,23.62,2,1,0,831.89,1154,,0,,0,,0,25
5,4710494,7121,12.22,999.57,1000.48,24.32,0,23.62,2,1,0,830.75,1165,,"224,49",,"4581,42",,0,25
5,4710546,7173,12.22,999.57,1000.48,24.32,0,23.62,2,1,0,829.46,1178,"1184,666667","265,31",232541,"832,99",51251,0,25
5,4710598,7225,12.22,999.57,1000.48,24.32,0,23.62,2,1,0,827.88,1194,,"258,06",,"-116,8",,0,25
5,4710650,7277,12.22,999.57,1000.48,24.32,0,23.62,2,1,0,825.99,1212,,"367,35",,"2230,25",,0,25
5,4710702,7329,12.22,999.57,1000.48,24.32,0,23.62,2,1,0,825.99,1212,,0,,"-7496,88",,0,25
5,4710753,"7,38",12.22,999.57,1000.48,24.32,0,23.62,2,1,0,823.28,1239,,"551,02",,"11245,32",,0,25
5,4710805,7432,12.53,999.57,1000.48,24.32,0,23.62,2,1,0,822.41,1248,,180,,"-7420,41",,0,25
5,4710857,7484,12.53,999.57,1000.48,24.32,0,23.62,2,1,0,821.97,1252,,"65,57",,"-1875,84",,0,25
5,4710908,7535,12.53,999.57,1000.48,24.32,0,23.62,2,1,0,821.97,1252,,0,,"-1338,24",,0,25
5,4710960,7587,12.53,999.57,1000.48,24.32,0,23.62,2,1,0,823.97,1233,,"-387,76",,"-7913,37",,0,25
5,4711012,7639,12.53,999.57,1000.48,24.32,0,23.62,2,1,0,823.78,1234,"1274,333333","20,41",192418,"8329,86",-86102,0,25
5,4711064,7691,12.53,999.57,1000.48,24.32,0,23.62,2,1,0,819.12,1281,,"770,49",,"12296,45",,0,25
5,4711115,7742,12.53,999.57,1000.48,24.32,0,23.62,2,1,0,815.94,1313,,"653,06",,"-2396,54",,0,25
5,4711166,7793,12.53,999.57,1000.48,24.32,0,23.62,2,1,0,815.94,1313,,0,,"-13327,78",,0,25
5,4711218,7845,12.53,999.57,1000.48,24.32,0,23.62,2,1,0,812.93,1343,,"612,24",,"12494,79",,0,25
5,4711270,7897,12.15,999.57,1000.48,24.32,0,23.62,2,1,0,812.12,1351,,"163,27",,"-9162,85",,0,25
5,4711322,7949,12.15,999.57,1000.48,24.32,0,23.62,2,1,0,812.19,1350,,"-16,39",,"-2945,23",,0,25
5,4711374,8001,12.15,999.57,1000.48,24.32,0,23.62,2,1,0,812.19,1350,,0,,"334,56",,0,25
5,4711425,8052,12.15,999.57,1000.48,24.32,0,23.62,2,1,0,811.28,1360,,"204,08",,"4164,93",,0,25
5,4711477,8104,12.15,999.57,1000.48,24.32,0,23.62,2,1,0,810.1,1372,"1377,555556","244,9",221983,"832,99",63582,0,25
5,4711529,8156,12.15,999.57,1000.48,24.32,0,23.62,2,1,0,808.64,1386,,"229,51",,"-252,29",,0,25
5,4711581,8208,12.15,999.57,1000.48,24.32,0,23.62,2,1,0,806.9,1404,,"367,35",,"2813,04",,0,25
5,4711632,8259,12.15,999.57,1000.48,24.32,0,23.62,2,1,0,806.9,1404,,0,,"-7202,88",,0,25
5,4711683,"8,31",12.15,999.57,1000.48,24.32,0,23.62,2,1,0,805.17,1421,,"346,94",,"7080,38",,0,25
5,4711735,8362,12.15,999.57,1000.48,24.32,0,23.62,2,1,0,804.45,1429,,"163,27",,"-3748,44",,0,25
5,4711787,8414,12.28,999.57,1000.48,24.32,0,23.62,2,1,0,803.53,1438,,"183,67",,"416,49",,0,25
5,4711839,8466,12.28,999.57,1000.48,24.32,0,23.62,2,1,0,802.74,1446,,"131,15",,"-861,08",,0,25
5,4711890,8517,12.28,999.57,1000.48,24.32,0,23.62,2,1,0,802.77,1446,,0,,"-2676,48",,0,25
5,4711942,8569,12.28,999.57,1000.48,24.32,0,23.62,2,1,0,802.79,1446,"1452,555556",0,161290,0,-130522,0,25
5,4711994,8621,12.28,999.57,1000.48,24.32,0,23.62,2,1,0,802,1454,,"163,27",,"3331,95",,0,25
5,4712051,8678,12.28,999.57,1000.48,24.32,0,23.62,2,1,0,800.81,1466,,"196,72",,"548,46",,0,25
5,4712103,"8,73",12.28,999.57,1000.48,24.32,0,23.62,2,1,0,800.81,1466,,0,,"-4014,72",,0,25
5,4712155,8782,12.28,999.57,1000.48,24.32,0,23.62,2,1,0,799.19,1482,,"262,3",,"4299,92",,0,25
5,4712206,8833,12.28,999.57,1000.48,24.32,0,23.62,2,1,0,797,1505,,"469,39",,"4226,38",,0,25
5,4712257,8884,12.28,999.57,1000.48,24.32,0,23.62,2,1,0,795.08,1524,,"387,76",,"-1665,97",,0,25
5,4712309,8936,12.29,999.57,1000.48,24.32,0,23.62,2,1,0,793.38,1542,,"367,35",,"-416,49",,0,25
5,4712361,8988,12.29,999.57,1000.48,24.32,0,23.62,2,1,0,793.38,1542,,0,,"-7496,88",,0,25
5,4712412,9039,12.29,999.57,1000.48,24.32,0,23.62,2,1,0,791.02,1566,"1560,222222","393,44",229078,"6449,88",144229,0,25
5,4712464,9091,12.29,999.57,1000.48,24.32,0,23.62,2,1,0,789.22,1584,,"367,35",,"-532,56",,0,25
5,4712516,9143,12.29,999.57,1000.48,24.32,0,23.62,2,1,0,788.33,1594,,"204,08",,"-3331,95",,0,25
5,4712568,9195,12.29,999.57,1000.48,24.32,0,23.62,2,1,0,788.33,1594,,0,,"-4164,93",,0,25
5,4712620,9247,12.29,999.57,1000.48,24.32,0,23.62,2,1,0,788.62,1591,,"-49,18",,"-806,23",,0,25
5,4712672,9299,12.29,999.57,1000.48,24.32,0,23.62,2,1,0,788.3,1594,,"58,82",,"2117,72",,0,25
5,4712723,"9,35",12.29,999.57,1000.48,24.32,0,23.62,2,1,0,788.62,1591,,"-61,22",,"-2449,96",,0,25
5,4712774,9401,12.32,999.57,1000.48,24.32,0,23.62,2,1,0,787.94,1598,,"142,86",,"4164,93",,0,25
5,4712825,9452,12.32,999.57,1000.48,24.32,0,23.62,2,1,0,787.94,1598,,0,,"-2915,45",,0,25
5,4712877,9504,12.32,999.57,1000.48,24.32,0,23.62,2,1,0,786.64,1611,"1621,888889","265,31",132616,"5414,41",-207444,0,25
5,4712929,9556,12.32,999.57,1000.48,24.32,0,23.62,2,1,0,784.96,1628,,"278,69",,"219,38",,0,25
5,4712981,9608,12.32,999.57,1000.48,24.32,0,23.62,2,1,0,782.66,1652,,"489,8",,"4308,31",,0,25
5,4713033,"9,66",12.32,999.57,1000.48,24.32,0,23.62,2,1,0,782.66,1652,,0,,"-9995,84",,0,25
5,4713084,9711,12.32,999.57,1000.48,24.32,0,23.62,2,1,0,780.71,1673,,"428,57",,"8746,36",,0,25
5,4713136,9763,12.32,999.57,1000.48,24.32,0,23.62,2,1,0,778.17,1699,,"426,23",,"-38,39",,0,25
5,4713188,9815,12.32,999.57,1000.48,24.32,0,23.62,2,1,0,776.54,1716,,"346,94",,"-1618,18",,0,25
5,4713240,9867,12.32,999.57,1000.48,24.32,0,23.62,2,1,0,776.1,1721,,"102,04",,"-4997,92",,0,25
5,4713292,9919,12.3,999.57,1000.48,24.32,0,23.62,2,1,0,776.1,1721,,0,,"-2082,47",,0,25
5,4713344,9971,12.3,999.57,1000.48,24.32,0,23.62,2,1,0,776.69,1714,"1713,333333","-114,75",195813,"-1881,21",135323,0,25
5,4713396,10023,12.3,999.57,1000.48,24.32,0,23.62,2,1,0,777.19,1709,,"-102,04",,"259,45",,0,25
5,4713448,10075,12.3,999.57,1000.48,24.32,0,23.62,2,1,0,777.23,1709,,0,,"2082,47",,0,25
5,4713500,10127,12.3,999.57,1000.48,24.32,0,23.62,2,1,0,777.23,1709,,0,,0,,0,25
5,4713552,10179,12.3,999.57,1000.48,24.32,0,23.62,2,1,0,775.99,1722,,"213,11",,"3493,68",,0,25
5,4713604,10231,12.3,999.57,1000.48,24.32,0,23.62,2,1,0,774.33,1739,,"346,94",,"2731,1",,0,25
5,4713656,10283,12.3,999.57,1000.48,24.32,0,23.62,2,1,0,772.35,1760,,"428,57",,"1665,97",,0,25
5,4713708,10335,12.3,999.57,1000.48,24.32,0,23.62,2,1,0,770.61,1778,,360,,"-1371,43",,0,25
5,4713759,10386,12.3,999.57,1000.48,24.32,0,23.62,2,1,0,770.61,1778,,0,,"-7346,94",,0,25
5,4713811,10438,12.31,999.57,1000.48,24.32,0,23.62,2,1,0,768.61,1799,"1795,555556","344,26",176065,"5643,64",-42287,0,25
5,4713862,10489,12.31,999.57,1000.48,24.32,0,23.62,2,1,0,766.78,1818,,"387,76",,"887,61",,0,25
5,4713914,10541,12.31,999.57,1000.48,24.32,0,23.62,2,1,0,765.75,1829,,"224,49",,"-3331,95",,0,25
5,4713966,10593,12.31,999.57,1000.48,24.32,0,23.62,2,1,0,765.75,1829,,0,,"-4581,42",,0,25
5,4714018,10645,12.31,999.57,1000.48,24.32,0,23.62,2,1,0,765.64,1830,,"16,39",,"268,74",,0,25
5,4714069,10696,12.31,999.57,1000.48,24.32,0,23.62,2,1,0,765.62,1831,,"20,41",,"81,93",,0,25
5,4714121,10748,12.31,999.57,1000.48,24.32,0,23.62,2,1,0,765.8,1829,,"-40,82",,"-1249,48",,0,25
5,4714173,"10,8",12.31,999.57,1000.48,24.32,0,23.62,2,1,0,765.79,1829,,0,,"832,99",,0,25
5,4714224,10851,12.31,999.57,1000.48,24.32,0,23.62,2,1,0,765.79,1829,,0,,0,,0,25
5,4714275,10902,12.32,999.57,1000.48,24.32,0,23.62,2,1,0,764.77,1840,"1848,333333","180,33",113745,"2956,19",-134309,0,25
5,4714326,10953,12.32,999.57,1000.48,24.32,0,23.62,2,1,0,763.47,1853,,"265,31",,"1734,25",,0,25
5,4714378,11005,12.32,999.57,1000.48,24.32,0,23.62,2,1,0,762.1,1868,,"306,12",,"832,99",,0,25
5,4714429,11056,12.32,999.57,1000.48,24.32,0,23.62,2,1,0,762.1,1868,,0,,"-6247,4",,0,25
5,4714481,11108,12.32,999.57,1000.48,24.32,0,23.62,2,1,0,760.18,1888,,"408,16",,"8329,86",,0,25
5,4714533,"11,16",12.32,999.57,1000.48,24.32,0,23.62,2,1,0,758.69,1904,,"262,3",,"-2391,28",,0,25
5,4714585,11212,12.32,999.57,1000.48,24.32,0,23.62,2,1,0,756.72,1925,,"428,57",,"3393,4",,0,25
5,4714637,11264,12.32,999.57,1000.48,24.32,0,23.62,2,1,0,755.31,1940,,"306,12",,"-2498,96",,0,25
5,4714688,11315,12.32,999.57,1000.48,24.32,0,23.62,2,1,0,755.31,1940,,0,,"-6247,4",,0,25
5,4714740,11367,12.32,999.57,1000.48,24.32,0,23.62,2,1,0,754.49,1949,"1936,222222","142,86",189008,"2267,57",161856,0,25
5,4714792,11419,12.3,999.57,1000.48,24.32,0,23.62,2,1,0,754.97,1944,,"-102,04",,"-4997,92",,0,25
5,4714843,"11,47",12.3,999.57,1000.48,24.32,0,23.62,2,1,0,754.88,1945,,"20,41",,"2498,96",,0,25
5,4714895,11522,12.3,999.57,1000.48,24.32,0,23.62,2,1,0,755.36,1940,,"-102,04",,"-2498,96",,0,25
5,4714946,11573,12.3,999.57,1000.48,24.32,0,23.62,2,1,0,755.39,1939,,"-20,41",,"1665,97",,0,25
5,4714997,11624,12.3,999.57,1000.48,24.32,0,23.62,2,1,0,754.81,1946,,"142,86",,"3331,95",,0,25
5,4715049,11676,12.3,999.57,1000.48,24.32,0,23.62,2,1,0,753.56,1959,,"213,11",,"1151,76",,0,25
5,4715100,11727,12.3,999.57,1000.48,24.32,0,23.62,2,1,0,752.01,1976,,"346,94",,"2731,1",,0,25
5,4715151,11778,12.3,999.57,1000.48,24.32,0,23.62,2,1,0,752.01,1976,,0,,"-7080,38",,0,25
5,4715203,"11,83",12.3,999.57,1000.48,24.32,0,23.62,2,1,0,750.24,1994,"1994,777778","367,35",126470,"7496,88",-135072,0,25
5,4715255,11882,12.3,999.57,1000.48,24.32,0,23.62,2,1,0,749.05,2007,,"265,31",,"-2082,47",,0,25
5,4715307,11934,12.1,999.57,1000.48,24.32,0,23.62,2,1,0,747.62,2023,,"262,3",,"-49,36",,0,25
5,4715359,11986,12.1,999.57,1000.48,24.32,0,23.62,2,1,0,746.43,2036,,"265,31",,"61,45",,0,25
5,4715411,12038,12.1,999.57,1000.48,24.32,0,23.62,2,1,0,746.42,2036,,0,,"-5306,12",,0,25
5,4715463,"12,09",12.1,999.57,1000.48,24.32,0,23.62,2,1,0,745.57,2045,,"187,5",,"3906,25",,0,25
5,4715515,12142,12.1,999.57,1000.48,24.32,0,23.62,2,1,0,745.24,2048,,"49,18",,"-2267,54",,0,25
5,4715567,12194,12.1,999.57,1000.48,24.32,0,23.62,2,1,0,744.96,2051,,"61,22",,"245,8",,0,25
5,4715619,12246,12.1,999.57,1000.48,24.32,0,23.62,2,1,0,744.96,2051,,0,,"-1249,48",,0,25
5,4715671,12298,12.1,999.57,1000.48,24.32,0,23.62,2,1,0,744.4,2057,"2058,777778","122,45",136752,"2498,96",21971,0,25
5,4715723,"12,35",12.1,999.57,1000.48,24.32,0,23.62,2,1,0,743.96,2062,,"81,97",,"-663,64",,0,25
5,4715774,12401,12.27,999.57,1000.48,24.32,0,23.62,2,1,0,743.55,2067,,100,,"360,66",,0,25
5,4715826,12453,12.27,999.57,1000.48,24.32,0,23.62,2,1,0,742.91,2074,,"142,86",,"874,64",,0,25
5,4715878,12505,12.27,999.57,1000.48,24.32,0,23.62,2,1,0,742.91,2074,,0,,"-2915,45",,0,25
5,4715930,12557,12.27,999.57,1000.48,24.32,0,23.62,2,1,0,742,2083,,"147,54",,"2418,7",,0,25
5,4715982,12609,12.27,999.57,1000.48,24.32,0,23.62,2,1,0,740.98,2094,,"224,49",,"1570,38",,0,25
5,4716033,"12,66",12.27,999.57,1000.48,24.32,0,23.62,2,1,0,740.02,2105,,"224,49",,0,,0,25
5,4716085,12712,12.27,999.57,1000.48,24.32,0,23.62,2,1,0,740.02,2105,,0,,"-4581,42",,0,25
5,4716137,12764,12.27,999.57,1000.48,24.32,0,23.62,2,1,0,739.16,2114,"2116,333333","183,67",123510,"3748,44",-28417,0,25
5,4716188,12815,12.27,999.57,1000.48,24.32,0,23.62,2,1,0,738.23,2124,,"163,93",,"-323,59",,0,25
5,4716240,12867,12.27,999.57,1000.48,24.32,0,23.62,2,1,0,737.33,2134,,"204,08",,"819,33",,0,25
5,4716292,12919,12.44,999.57,1000.48,24.32,0,23.62,2,1,0,736.45,2144,,"204,08",,0,,0,25
5,4716344,12971,12.44,999.57,1000.48,24.32,0,23.62,2,1,0,736.45,2144,,0,,"-4164,93",,0,25
5,4716396,13023,12.44,999.57,1000.48,24.32,0,23.62,2,1,0,735.3,2156,,"196,72",,"3224,94",,0,25
5,4716447,13074,12.44,999.57,1000.48,24.32,0,23.62,2,1,0,734.25,2168,,"244,9",,"983,2",,0,25
5,4716499,13126,12.44,999.57,1000.48,24.32,0,23.62,2,1,0,733.41,2177,,"183,67",,"-1249,48",,0,25
5,4716550,13177,12.44,999.57,1000.48,24.32,0,23.62,2,1,0,733.41,2177,,0,,"-3748,44",,0,25
5,4716602,13229,12.44,999.57,1000.48,24.32,0,23.62,2,1,0,732.83,2183,"2179,888889","122,45",136679,"2498,96",28320,0,25
5,4716654,13281,12.44,999.57,1000.48,24.32,0,23.62,2,1,0,732.63,2185,,"32,79",,"-1469,87",,0,25
5,4716706,13333,12.44,999.57,1000.48,24.32,0,23.62,2,1,0,732.35,2189,,"81,63",,"996,85",,0,25
5,4716757,13384,12.44,999.57,1000.48,24.32,0,23.62,2,1,0,732.03,2192,,"61,22",,"-416,49",,0,25
5,4716809,13436,12.31,999.57,1000.48,24.32,0,23.62,2,1,0,732.03,2192,,0,,"-1224,49",,0,25
5,4716861,13488,12.31,999.57,1000.48,24.32,0,23.62,2,1,0,731.89,2194,,"32,79",,"537,49",,0,25
5,4716913,"13,54",12.31,999.57,1000.48,24.32,0,23.62,2,1,0,731.51,2198,,"81,63",,"996,85",,0,25
5,4716965,13592,12.31,786.13,835.71,2165.25,10.35,23.38,2,1,0,730.71,2207,,"183,67",,"2082,47",,0,25
5,4717016,13643,12.31,785.63,834.4,2171.06,10.27,23.38,2,1,0,730.71,2207,,0,,"-3673,47",,0,25
5,4717067,13694,12.31,784.92,833.06,2179.34,10.21,23.38,2,1,0,729.95,2215,"2219,444444","166,67",85066,"3472,22",-110995,0,25
5,4717119,13746,12.31,784.31,832,2187.47,10.16,23.5,2,1,0,729.05,2225,,"163,93",,"-44,79",,0,25
5,4717171,13798,12.31,783.63,830.94,2195.31,10.13,23.5,2,1,0,728.1,2235,,"204,08",,"819,33",,0,25
5,4717222,13849,12.31,782.95,829.91,2203.21,10.09,23.5,2,1,0,727.03,2247,,"244,9",,"832,99",,0,25
5,4717273,"13,9",12.22,782.41,828.69,2208.57,10.03,23.38,2,1,0,727.03,2247,,0,,"-4997,92",,0,25
5,4717325,13952,12.22,782,827.45,2213.34,9.94,23.38,2,1,0,726.19,2256,,"183,67",,"3748,44",,0,25
5,4717376,14003,12.22,781.46,826.34,2220.6,9.88,23.5,2,1,0,725.24,2267,,"180,33",,"-54,85",,0,25
5,4717428,14055,12.22,780.87,825.21,2227.53,9.82,23.5,2,1,0,724.22,2278,,"224,49",,"901,26",,0,25
5,4717480,14107,12.22,780.12,824.09,2236.28,9.79,23.5,2,1,0,724.22,2278,,0,,"-4581,42",,0,25
5,4717531,14158,12.22,779.59,822.9,2242.51,9.72,23.5,2,1,0,723.48,2286,"2283,333333","163,27",137692,"3331,95",113418,0,25
5,4717583,"14,21",12.22,778.66,821.67,2253.39,9.69,23.5,2,1,0,722.91,2292,,"98,36",,"-1064,01",,0,25
5,4717635,14262,12.22,777.74,820.66,2264.25,9.69,23.5,2,1,0,722.48,2297,,"102,04",,"75,11",,0,25
5,4717686,14313,12.22,777.06,819.57,2271.24,9.65,23.38,2,1,0,722.42,2298,,"20,41",,"-1665,97",,0,25
5,4717738,14365,12.22,776.59,818.4,2276.82,9.57,23.38,2,1,0,722.42,2298,,0,,"-416,49",,0,25
5,4717790,14417,12.31,776.1,817.54,2282.53,9.53,23.38,2,1,0,721.97,2303,,"102,04",,"2082,47",,0,25
5,4717841,14468,12.31,775.62,816.43,2288.17,9.46,23.38,2,1,0,721.68,2306,,"47,62",,"-863,84",,0,25
5,4717892,14519,12.31,775.33,815.44,2291.57,9.38,23.38,2,1,0,721.43,2309,,"61,22",,"277,66",,0,25
5,4717943,"14,57",12.31,774.98,814.37,2295.71,9.3,23.38,2,1,0,720.96,2314,,"102,04",,"832,99",,0,25
5,4717994,14621,12.31,774.56,813.45,2300.73,9.24,23.38,2,1,0,720.96,2314,"2318,555556",0,76074,"-2082,47",-133083,0,25
5,4718045,14672,12.31,774.18,812.38,2305.22,9.16,23.38,2,1,0,720.33,2321,,"142,86",,"2915,45",,0,25
5,4718097,14724,12.31,773.68,811.46,2312.17,9.12,23.5,2,1,0,719.69,2328,,"142,86",,0,,0,25
5,4718149,14776,12.31,773.05,810.42,2319.54,9.07,23.5,2,1,0,718.95,2336,,"131,15",,"-191,96",,0,25
5,4718200,14827,12.31,772.63,809.39,2324.58,9,23.5,2,1,0,718.95,2336,,0,,"-2676,48",,0,25
5,4718251,14878,12.31,772.03,808.35,2331.7,8.95,23.5,2,1,0,718.23,2344,,"163,27",,"3331,95",,0,25
5,4718302,14929,12.44,771.48,807.29,2338.15,8.89,23.5,2,1,0,717.45,2353,,"183,67",,"416,49",,0,25
5,4718353,"14,98",12.44,770.84,806.4,2344.78,8.86,23.38,2,1,0,716.58,2363,,"204,08",,"416,49",,0,25
5,4718404,15031,12.44,770.28,805.46,2351.44,8.82,23.38,2,1,0,715.91,2370,,"114,75",,"-1464,39",,0,25
5,4718456,15083,12.44,769.94,804.58,2355.41,8.75,23.38,2,1,0,715.89,2370,"2372,666667",0,117124,"-2341,92",88852,0,25
5,4718507,15134,12.44,769.44,803.56,2361.36,8.69,23.38,2,1,0,715.12,2379,,180,,3600,,0,25
5,4718558,15185,12.44,768.99,802.68,2366.72,8.64,23.38,2,1,0,714.24,2389,,"204,08",,"491,46",,0,25
5,4718609,15236,12.44,768.33,801.67,2374.59,8.6,23.38,2,1,0,714.24,2389,,0,,"-4081,63",,0,25
5,4718660,15287,12.44,767.77,800.65,2381.27,8.54,23.38,2,1,0,713.54,2397,,"166,67",,"3472,22",,0,25
5,4718712,15339,12.44,767.11,799.74,2389.11,8.51,23.38,2,1,0,713.03,2402,,"81,97",,"-1388,52",,0,25
5,4718763,"15,39",12.44,766.36,798.79,2398.17,8.49,23.38,2,1,0,712.61,2407,,"102,04",,"409,67",,0,25
5,4718814,15441,12.27,765.74,797.72,2405.51,8.44,23.38,2,1,0,712.38,2410,,"61,22",,"-832,99",,0,25
5,4718865,15492,12.27,765.28,796.98,2411.02,8.4,23.38,2,1,0,712.25,2411,,"15,15",,"-698,08",,0,25
5,4718916,15543,12.27,764.9,795.98,2414.54,8.32,23.25,2,1,0,712.25,2411,"2412,333333",0,86232,"-409,5",-67156,0,25
5,4718968,15595,12.27,764.45,795.04,2419.93,8.26,23.25,2,1,0,711.96,2414,,"61,22",,"1249,48",,0,25
5,4719020,15647,12.27,764.45,795.04,2419.93,8.26,23.25,2,1,0,711.81,2416,,"40,82",,"-416,49",,0,25
5,4719072,15699,12.27,764.45,795.04,2419.93,8.26,23.25,2,1,0,711.46,2420,,"65,57",,"405,86",,0,25
5,4719123,"15,75",12.27,764.45,795.04,2419.93,8.26,23.25,2,1,0,711.46,2420,,0,,"-1338,24",,0,25
5,4719174,15801,12.27,764.45,795.04,2419.93,8.26,23.25,2,1,0,710.95,2426,,"122,45",,"2498,96",,0,25
5,4719226,15853,12.27,764.45,795.04,2419.93,8.26,23.25,2,1,0,710.34,2433,,"142,86",,"416,49",,0,25
5,4719278,15905,12.29,764.45,795.04,2419.93,8.26,23.25,2,1,0,709.72,2439,,"122,45",,"-416,49",,0,25
5,4719330,15957,12.29,764.45,795.04,2419.93,8.26,23.25,2,1,0,709.72,2439,,0,,"-2007,36",,0,25
5,4719381,16008,12.29,764.45,795.04,2419.93,8.26,23.25,2,1,0,709,2448,"2448,333333",180,77419,3600,-18952,0,25
5,4719433,"16,06",12.29,764.45,795.04,2419.93,8.26,23.25,2,1,0,708.34,2455,,"142,86",,"-758,02",,0,25
5,4719485,16112,12.29,764.45,795.04,2419.93,8.26,23.25,2,1,0,707.63,2463,,"163,27",,"416,49",,0,25
5,4719537,16164,12.29,764.45,795.04,2419.93,8.26,23.25,2,1,0,707.63,2463,,0,,"-3331,95",,0,25
5,4719589,16216,12.29,764.45,795.04,2419.93,8.26,23.25,2,1,0,707.11,2469,,"98,36",,"1612,47",,0,25
5,4719641,16268,12.29,764.45,795.04,2419.93,8.26,23.25,2,1,0,706.59,2475,,"122,45",,"491,6",,0,25
5,4719692,16319,12.29,764.45,795.04,2419.93,8.26,23.25,2,1,0,706.01,2481,,"122,45",,0,,0,25
5,4719744,16371,12.29,764.45,795.04,2419.93,8.26,23.25,2,1,0,705.43,2488,,"142,86",,"416,49",,0,25
5,4719796,16423,12.29,764.45,795.04,2419.93,8.26,23.25,2,1,0,705.43,2488,,0,,"-2341,92",,0,25
5,4719848,16475,12.29,764.45,795.04,2419.93,8.26,23.25,2,1,0,704.88,2494,"2493,888889","122,45",97549,"2498,96",43105,0,25
5,4719900,16527,12.29,764.45,795.04,2419.93,8.26,23.25,2,1,0,704.4,2499,,"72,46",,"-724,42",,0,25
5,4719952,16579,12.29,764.45,795.04,2419.93,8.26,23.25,2,1,0,703.99,2504,,"135,14",,"1693,82",,0,25
5,4720004,16631,12.29,764.45,795.04,2419.93,8.26,23.25,2,1,0,703.63,2508,,"81,63",,"-1091,89",,0,25
5,4720055,16682,12.29,764.45,795.04,2419.93,8.26,23.25,2,1,0,703.63,2508,,0,,"-1665,97",,0,25
5,4720107,16734,12.29,764.45,795.04,2419.93,8.26,23.25,2,1,0,703.36,2511,,"46,15",,"710,06",,0,25
5,4720158,16785,12.29,764.45,795.04,2419.93,8.26,23.25,2,1,0,703.11,2514,,"81,08",,"943,98",,0,25
5,4720210,16837,12.29,764.45,795.04,2419.93,8.26,23.25,2,1,0,702.85,2517,,"61,22",,"-405,24",,0,25
5,4720262,16889,12.29,764.45,795.04,2419.93,8.26,23.25,2,1,0,702.85,2517,,0,,"-1003,68",,0,25
5,4720313,"16,94",12.27,764.45,795.04,2419.93,8.26,23.25,2,1,0,702.44,2522,"2521,888889","102,04",60215,"2082,47",-80289,0,25
5,4720365,16992,12.27,764.45,795.04,2419.93,8.26,23.25,2,1,0,702.19,2524,,"40,82",,"-1249,48",,0,25
5,4720416,17043,12.27,764.45,795.04,2419.93,8.26,23.25,2,1,0,701.88,2528,,"81,63",,"832,99",,0,25
5,4720468,17095,12.27,764.45,795.04,2419.93,8.26,23.25,2,1,0,701.51,2532,,"65,57",,"-263,26",,0,25
5,4720519,17146,12.27,764.45,795.04,2419.93,8.26,23.25,2,1,0,701.51,2532,,0,,"-1338,24",,0,25
5,4720571,17198,12.27,764.45,795.04,2419.93,8.26,23.25,2,1,0,701.09,2537,,"102,04",,"2082,47",,0,25
5,4720622,17249,12.27,764.45,795.04,2419.93,8.26,23.25,2,1,0,700.65,2542,,"102,04",,0,,0,25
5,4720674,17301,12.27,764.45,795.04,2419.93,8.26,23.25,2,1,0,700.25,2546,,"81,63",,"-416,49",,0,25
5,4720726,17353,12.27,764.45,795.04,2419.93,8.26,23.25,2,1,0,700.25,2546,,0,,"-1338,24",,0,25
5,4720778,17405,12.26,764.45,795.04,2419.93,8.26,23.25,2,1,0,699.82,2551,"2552,666667","102,04",66189,"2082,47",12847,0,25
5,4720829,17456,12.26,764.45,795.04,2419.93,8.26,23.25,2,1,0,699.37,2556,,"102,04",,0,,0,25
5,4720881,17508,12.26,764.45,795.04,2419.93,8.26,23.25,2,1,0,698.92,2562,,"122,45",,"416,49",,0,25
5,4720933,"17,56",12.26,764.45,795.04,2419.93,8.26,23.25,2,1,0,698.47,2567,,"79,37",,"-683,87",,0,25
5,4720985,17612,12.26,764.45,795.04,2419.93,8.26,23.25,2,1,0,698.47,2567,,0,,"-1619,7",,0,25
5,4721036,17663,12.26,764.45,795.04,2419.93,8.26,23.25,2,1,0,697.99,2572,,"102,04",,"2082,47",,0,25
5,4721087,17714,12.26,764.45,795.04,2419.93,8.26,23.25,2,1,0,697.54,2577,,"102,04",,0,,0,25
5,4721139,17766,12.26,764.45,795.04,2419.93,8.26,23.25,2,1,0,697.14,2582,,"102,04",,0,,0,25
5,4721191,17818,12.26,764.45,795.04,2419.93,8.26,23.25,2,1,0,697.14,2582,,0,,"-2082,47",,0,25
5,4721243,"17,87",12.26,764.45,795.04,2419.93,8.26,23.25,2,1,0,696.78,2586,"2586,888889","65,57",73596,"1074,98",15930,0,25
5,4721295,17922,12.23,764.45,795.04,2419.93,8.26,23.25,2,1,0,696.36,2591,,"102,04",,"744,23",,0,25
5,4721347,17974,12.23,764.45,795.04,2419.93,8.26,23.25,2,1,0,695.92,2596,,"102,04",,0,,0,25
5,4721398,18025,12.23,764.45,795.04,2419.93,8.26,23.25,2,1,0,695.92,2596,,0,,"-2082,47",,0,25
5,4721449,18076,12.23,764.45,795.04,2419.93,8.26,23.25,2,1,0,695.53,2600,,"65,57",,"1074,98",,0,25
5,4721501,18128,12.23,764.45,795.04,2419.93,8.26,23.25,2,1,0,695.11,2605,,"102,04",,"744,23",,0,25
5,4721553,"18,18",12.23,764.45,795.04,2419.93,8.26,23.25,2,1,0,694.77,2609,,"81,63",,"-416,49",,0,25
5,4721605,18232,12.23,764.45,795.04,2419.93,8.26,23.25,2,1,0,694.49,2612,,"61,22",,"-416,49",,0,25
5,4721657,18284,12.23,764.45,795.04,2419.93,8.26,23.25,2,1,0,694.24,2615,,"49,18",,"-197,45",,0,25
5,4721709,18336,12.23,764.45,795.04,2419.93,8.26,23.25,2,1,0,694.24,2615,2615,0,60324,"-983,61",-28480,0,25
5,4721760,18387,12.23,764.45,795.04,2419.93,8.26,23.25,2,1,0,694,2618,,"62,5",,"1302,08",,0,25
5,4721811,18438,12.21,764.45,795.04,2419.93,8.26,23.25,2,1,0,693.79,2620,,"40,82",,"-442,52",,0,25
5,4721863,"18,49",12.21,764.45,795.04,2419.93,8.26,23.25,2,1,0,693.79,2620,,0,,"-832,99",,0,25
5,4721915,18542,12.21,764.45,795.04,2419.93,8.26,23.25,2,1,0,693.68,2621,,"16,39",,"268,74",,0,25
5,4721967,18594,12.21,764.45,795.04,2419.93,8.26,23.25,2,1,0,693.42,2624,,60,,"872,13",,0,25
5,4722018,18645,12.21,764.45,795.04,2419.93,8.26,23.25,2,1,0,693.26,2626,,"40,82",,"-391,5",,0,25
5,4722070,18697,12.21,764.45,795.04,2419.93,8.26,23.25,2,1,0,693.11,2628,,"40,82",,0,,0,25
5,4722122,18749,12.21,764.45,795.04,2419.93,8.26,23.25,2,1,0,693.11,2628,,0,,"-832,99",,0,25
5,4722174,18801,12.21,764.45,795.04,2419.93,8.26,23.25,2,1,0,692.87,2631,"2632,555556","49,18",37754,"806,23",-48538,0,25
5,4722226,18853,12.21,764.45,795.04,2419.93,8.26,23.25,2,1,0,692.56,2634,,"61,22",,"245,8",,0,25
5,4722277,18904,12.25,764.45,795.04,2419.93,8.26,23.25,2,1,0,692.22,2638,,"81,63",,"416,49",,0,25
5,4722328,18955,12.25,764.45,795.04,2419.93,8.26,23.25,2,1,0,691.87,2642,,"83,33",,"35,43",,0,25
5,4722380,19007,12.25,764.45,795.04,2419.93,8.26,23.25,2,1,0,691.86,2642,,0,,"-1366,12",,0,25
5,4722432,19059,12.25,764.45,795.04,2419.93,8.26,23.25,2,1,0,691.55,2646,,"81,63",,"1665,97",,0,25
5,4722483,"19,11",12.25,764.45,795.04,2419.93,8.26,23.25,2,1,0,691.24,2649,,"61,22",,"-416,49",,0,25
5,4722534,19161,12.25,764.45,795.04,2419.93,8.26,23.25,2,1,0,690.87,2653,,"81,63",,"416,49",,0,25
5,4722586,19213,12.25,764.45,795.04,2419.93,8.26,23.25,2,1,0,690.87,2653,,0,,"-1665,97",,0,25
5,4722638,19265,12.25,764.45,795.04,2419.93,8.26,23.25,2,1,0,690.47,2658,"2658,888889","81,97",56753,"1343,72",40946,0,25
5,4722689,19316,12.25,764.45,795.04,2419.93,8.26,23.25,2,1,0,690.06,2663,,"102,04",,"409,67",,0,25
5,4722741,19368,12.25,764.45,795.04,2419.93,8.26,23.25,2,1,0,689.77,2666,,"61,22",,"-832,99",,0,25
5,4722793,"19,42",12.29,764.45,795.04,2419.93,8.26,23.25,2,1,0,689.38,2671,,"102,04",,"832,99",,0,25
5,4722845,19472,12.29,764.45,795.04,2419.93,8.26,23.25,2,1,0,689.38,2671,,0,,"-1672,8",,0,25
5,4722897,19524,12.29,764.45,795.04,2419.93,8.26,23.25,2,1,0,689.03,2675,,"81,63",,"1665,97",,0,25
5,4722949,19576,12.29,764.45,795.04,2419.93,8.26,23.25,2,1,0,688.75,2678,,"61,22",,"-416,49",,0,25
5,4723001,19628,12.29,764.45,795.04,2419.93,8.26,23.25,2,1,0,688.48,2681,,60,,"-24,49",,0,25
5,4723053,"19,68",12.29,764.45,795.04,2419.93,8.26,23.25,2,1,0,688.48,2681,,0,,"-1224,49",,0,25
5,4723105,19732,12.29,764.45,795.04,2419.93,8.26,23.25,2,1,0,688.26,2683,"2683,333333","32,79",52344,"537,49",-9442,0,25
5,4723156,19783,12.29,764.45,795.04,2419.93,8.26,23.25,2,1,0,688.06,2686,,"61,22",,"580,36",,0,25
5,4723208,19835,12.29,764.45,795.04,2419.93,8.26,23.25,2,1,0,687.91,2688,,"40,82",,"-416,49",,0,25
5,4723260,19887,12.29,764.45,795.04,2419.93,8.26,23.25,2,1,0,687.77,2689,,"20,41",,"-416,49",,0,25
5,4723312,19939,12.28,764.45,795.04,2419.93,8.26,23.25,2,1,0,687.77,2689,,0,,"-334,56",,0,25
5,4723363,"19,99",12.28,764.45,795.04,2419.93,8.26,23.25,2,1,0,687.68,2690,,"20,41",,"416,49",,0,25
5,4723414,20041,12.28,764.45,795.04,2419.93,8.26,23.25,2,1,0,687.59,2691,,"20,41",,0,,0,25
5,4723465,20092,12.28,764.45,795.04,2419.93,8.26,23.25,2,1,0,687.53,2692,,"20,41",,0,,0,25
5,4723517,20144,12.28,764.45,795.04,2419.93,8.26,23.25,2,1,0,687.53,2692,,0,,"-416,49",,0,25
5,4723569,20196,12.28,764.45,795.04,2419.93,8.26,23.25,2,1,0,687.43,2693,"2694,222222","16,39",23467,"268,74",-62233,0,25
5,4723620,20247,12.28,764.45,795.04,2419.93,8.26,23.25,2,1,0,687.23,2695,,"40,82",,"498,43",,0,25
5,4723671,20298,12.28,764.45,795.04,2419.93,8.26,23.25,2,1,0,687.1,2697,,"40,82",,0,,0,25
5,4723722,20349,12.28,764.45,795.04,2419.93,8.26,23.25,2,1,0,686.94,2699,,"40,82",,0,,0,25
5,4723773,"20,4",12.22,764.45,795.04,2419.93,8.26,23.25,2,1,0,686.94,2699,,0,,"-832,99",,0,25
5,4723825,20452,12.22,764.45,795.04,2419.93,8.26,23.25,2,1,0,686.8,2700,,"16,39",,"268,74",,0,25
5,4723877,20504,12.22,764.45,795.04,2419.93,8.26,23.25,2,1,0,686.62,2702,,"40,82",,"498,43",,0,25
5,4723928,20555,12.22,764.45,795.04,2419.93,8.26,23.25,2,1,0,686.41,2705,,"61,22",,"416,49",,0,25
5,4723980,20607,12.22,764.45,795.04,2419.93,8.26,23.25,2,1,0,686.41,2705,,0,,"-1249,48",,0,25
5,4724032,20659,12.22,764.45,795.04,2419.93,8.26,23.25,2,1,0,686.13,2708,"2708,111111",60,29998,1200,14104,0,25
5,4724084,20711,12.22,764.45,795.04,2419.93,8.26,23.25,2,1,0,685.94,2710,,"32,79",,"-446,12",,0,25
5,4724135,20762,12.22,764.45,795.04,2419.93,8.26,23.25,2,1,0,685.73,2713,,"61,22",,"580,36",,0,25
5,4724186,20813,12.22,764.45,795.04,2419.93,8.26,23.25,2,1,0,685.51,2715,,40,,"-424,49",,0,25
5,4724237,20864,12.22,764.45,795.04,2419.93,8.26,23.25,2,1,0,685.51,2715,,0,,"-816,33",,0,25
5,4724288,20915,12.32,764.45,795.04,2419.93,8.26,23.25,2,1,0,685.35,2717,,"40,82",,"832,99",,0,25
5,4724339,20966,12.32,764.45,795.04,2419.93,8.26,23.25,2,1,0,685.14,2719,,"40,82",,0,,0,25
5,4724391,21018,12.32,764.45,795.04,2419.93,8.26,23.25,2,1,0,684.92,2722,,"49,18",,"137,11",,0,25
5,4724442,21069,12.32,764.45,795.04,2419.93,8.26,23.25,2,1,0,684.72,2724,,40,,"-183,61",,0,25
5,4724493,"21,12",12.32,764.45,795.04,2419.93,8.26,23.25,2,1,0,684.72,2724,"2724,888889",0,36394,"-816,33",13876,0,25
5,4724545,21172,12.32,764.45,795.04,2419.93,8.26,23.25,2,1,0,684.52,2727,,"61,22",,"1249,48",,0,25
5,4724597,21224,12.32,764.45,795.04,2419.93,8.26,23.25,2,1,0,684.35,2729,,"40,82",,"-416,49",,0,25
5,4724648,21275,12.32,764.45,795.04,2419.93,8.26,23.25,2,1,0,684.17,2731,,"32,79",,"-131,63",,0,25
5,4724700,21327,12.32,764.45,795.04,2419.93,8.26,23.25,2,1,0,684.17,2731,,0,,"-655,74",,0,25
5,4724752,21379,12.32,764.45,795.04,2419.93,8.26,23.25,2,1,0,684,2733,,"40,82",,"832,99",,0,25
5,4724804,21431,12.3,764.45,795.04,2419.93,8.26,23.25,2,1,0,683.8,2735,,"40,82",,0,,0,25
5,4724856,21483,12.3,764.45,795.04,2419.93,8.26,23.25,2,1,0,683.68,2736,,"20,41",,"-416,49",,0,25
5,4724907,21534,12.3,764.45,795.04,2419.93,8.26,23.25,2,1,0,683.6,2737,,"16,13",,"-69,02",,0,25
5,4724959,21586,12.3,764.45,795.04,2419.93,8.26,23.25,2,1,0,683.6,2737,"2737,555556",0,27182,"-329,16",-19770,0,25
5,4725011,21638,12.3,764.45,795.04,2419.93,8.26,23.25,2,1,0,683.5,2739,,"40,82",,"832,99",,0,25
5,4725063,"21,69",12.3,764.45,795.04,2419.93,8.26,23.25,2,1,0,683.41,2739,,0,,"-609,2",,0,25
5,4725114,21741,12.3,764.45,795.04,2419.93,8.26,23.25,2,1,0,683.33,2741,,"54,05",,"1460,92",,0,25
5,4725166,21793,12.3,764.45,795.04,2419.93,8.26,23.25,2,1,0,683.33,2741,,0,,"-1103,14",,0,25
5,4725217,21844,12.3,764.45,795.04,2419.93,8.26,23.25,2,1,0,683.3,2741,,0,,0,,0,25
5,4725269,21896,12.3,764.45,795.04,2419.93,8.26,23.25,2,1,0,683.28,2741,,0,,0,,0,25
5,4725320,21947,12.26,764.45,795.04,2419.93,8.26,23.25,2,1,0,683.24,2741,,0,,0,,0,25
5,4725372,21999,12.26,764.45,795.04,2419.93,8.26,23.25,2,1,0,683.24,2741,,0,,0,,0,25
5,4725423,"22,05",12.26,764.45,795.04,2419.93,8.26,23.25,2,1,0,683.22,2742,"2741,555556","20,41",8621,"416,49",-40002,0,25
5,4725475,22102,12.26,764.45,795.04,2419.93,8.26,23.25,2,1,0,683.22,2742,,0,,"-416,49",,0,25
5,4725526,22153,12.26,764.45,795.04,2419.93,8.26,23.25,2,1,0,683.2,2742,,0,,0,,0,25
5,4725578,22205,12.26,764.45,795.04,2419.93,8.26,23.25,2,1,0,683.19,2742,,0,,0,,0,25
5,4725629,22256,12.26,764.45,795.04,2419.93,8.26,23.25,2,1,0,683.19,2742,,0,,0,,0,25
5,4725681,22308,12.26,764.45,795.04,2419.93,8.26,23.25,2,1,0,683.19,2742,,0,,0,,0,25
5,4725732,22359,12.26,764.45,795.04,2419.93,8.26,23.25,2,1,0,683.16,2742,,0,,0,,0,25
5,4725784,22411,12.31,764.45,795.04,2419.93,8.26,23.25,2,1,0,683.14,2743,,"20,41",,"416,49",,0,25
5,4725836,22463,12.31,764.45,795.04,2419.93,8.26,23.25,2,1,0,683.14,2743,,0,,"-416,49",,0,25
5,4725888,22515,12.31,764.45,795.04,2419.93,8.26,23.25,2,1,0,683.1,2743,"2743,111111",0,3345,0,-11345,0,25
5,4725940,22567,12.31,764.45,795.04,2419.93,8.26,23.25,2,1,0,683.07,2743,,0,,0,,0,25
5,4725992,22619,12.31,764.45,795.04,2419.93,8.26,23.25,2,1,0,683.06,2744,,"16,39",,"268,74",,0,25
5,4726044,22671,12.31,764.45,795.04,2419.93,8.26,23.25,2,1,0,683.05,2744,,0,,"-334,56",,0,25
5,4726096,22723,12.31,764.45,795.04,2419.93,8.26,23.25,2,1,0,683.01,2744,,0,,0,,0,25
5,4726147,22774,12.31,764.45,795.04,2419.93,8.26,23.25,2,1,0,683.01,2744,,0,,0,,0,25
5,4726199,22826,12.31,764.45,795.04,2419.93,8.26,23.25,2,1,0,682.96,2745,,"20,41",,"416,49",,0,25
5,4726250,22877,12.31,764.45,795.04,2419.93,8.26,23.25,2,1,0,682.94,2745,,0,,"-416,49",,0,25
5,4726302,22929,12.47,764.45,795.04,2419.93,8.26,23.25,2,1,0,682.94,2745,,0,,0,,0,25
5,4726354,22981,12.47,764.45,795.04,2419.93,8.26,23.25,2,1,0,682.89,2745,"2745,666667",0,5484,0,4590,0,25
5,4726405,23032,12.47,764.45,795.04,2419.93,8.26,23.25,2,1,0,682.86,2746,,"20,41",,"416,49",,0,25
5,4726457,23084,12.47,764.45,795.04,2419.93,8.26,23.25,2,1,0,682.8,2747,,"20,41",,0,,0,25
5,4726508,23135,12.47,764.45,795.04,2419.93,8.26,23.25,2,1,0,682.73,2747,,0,,"-416,49",,0,25
5,4726560,23187,12.47,764.45,795.04,2419.93,8.26,23.25,2,1,0,682.73,2747,,0,,0,,0,25
5,4726612,23239,12.47,764.45,795.04,2419.93,8.26,23.25,2,1,0,682.67,2748,,"16,39",,"268,74",,0,25
5,4726664,23291,12.47,764.45,795.04,2419.93,8.26,23.25,2,1,0,682.63,2749,,"20,41",,"81,93",,0,25
5,4726716,23343,12.47,764.45,795.04,2419.93,8.26,23.25,2,1,0,682.55,2749,,0,,"-416,49",,0,25
5,4726767,23394,12.47,764.45,795.04,2419.93,8.26,23.25,2,1,0,682.55,2749,,0,,0,,0,25
5,4726819,23446,12.25,764.45,795.04,2419.93,8.26,23.25,2,1,0,682.5,2750,"2750,111111","16,39",9558,"268,74",8761,0,25
5,4726871,23498,12.25,764.45,795.04,2419.93,8.26,23.25,2,1,0,682.43,2751,,"20,41",,"81,93",,0,25
5,4726922,23549,12.25,764.45,795.04,2419.93,8.26,23.25,2,1,0,682.39,2751,,0,,"-416,49",,0,25
5,4726974,23601,12.25,764.45,795.04,2419.93,8.26,23.25,2,1,0,682.36,2752,,"20,41",,"416,49",,0,25
5,4727026,23653,12.25,764.45,795.04,2419.93,8.26,23.25,2,1,0,682.34,2752,,0,,"-334,56",,0,25
5,4727078,23705,12.25,764.45,795.04,2419.93,8.26,23.25,2,1,0,682.33,2752,,0,,0,,0,25
5,4727130,23757,12.25,764.45,795.04,2419.93,8.26,23.25,2,1,0,682.23,2753,,"14,29",,"204,08",,0,25
5,4727182,23809,12.25,764.45,795.04,2419.93,8.26,23.25,2,1,0,682.18,2754,,"27,03",,"344,36",,0,25
5,4727233,"23,86",12.25,764.45,795.04,2419.93,8.26,23.25,2,1,0,682.12,2754,,0,,"-551,57",,0,25
5,4727284,23911,12.51,764.45,795.04,2419.93,8.26,23.25,2,1,0,682.12,2754,"2754,777778",0,10036,0,1028,0,25
5,4727336,23963,12.51,764.45,795.04,2419.93,8.26,23.25,2,1,0,682.03,2756,,"40,82",,"832,99",,0,25
5,4727387,24014,12.51,764.45,795.04,2419.93,8.26,23.25,2,1,0,682,2756,,0,,"-832,99",,0,25
5,4727439,24066,12.51,730.09,731.87,2843.2,2.05,23.25,2,1,0,681.9,2757,,"16,39",,"268,74",,0,25
5,4727491,24118,12.51,730.09,731.87,2843.2,2.05,23.25,2,1,0,681.9,2757,,0,,"-334,56",,0,25
5,4727543,"24,17",12.51,730.09,731.87,2843.2,2.05,23.25,2,1,0,681.83,2758,,"20,41",,"416,49",,0,25
5,4727594,24221,12.51,730.09,731.87,2843.2,2.05,23.25,2,1,0,681.74,2759,,"20,41",,0,,0,25
5,4727645,24272,12.51,730.09,731.87,2843.2,2.05,23.25,2,1,0,681.68,2760,,"20,41",,0,,0,25
5,4727697,24324,12.51,730.09,731.87,2843.2,2.05,23.25,2,1,0,681.66,2760,,0,,"-334,56",,0,25
5,4727748,24375,12.51,730.09,731.87,2843.2,2.05,23.25,2,1,0,681.66,2760,2759,0,9100,0,-2018,0,25
5,4727799,24426,12.28,730.09,731.87,2843.2,2.05,23.25,2,1,0,681.64,2760,,0,,0,,0,25
5,4727850,24477,12.28,730.09,731.87,2843.2,2.05,23.25,2,1,0,681.74,2759,,"-20,41",,"-416,49",,0,25
5,4727902,24529,12.28,730.09,731.87,2843.2,2.05,23.25,2,1,0,681.85,2758,,"-20,41",,0,,0,25
5,4727954,24581,12.28,730.09,731.87,2843.2,2.05,23.25,2,1,0,681.92,2757,,"-16,39",,"65,82",,0,25
5,4728006,24633,12.28,730.09,731.87,2843.2,2.05,23.25,2,1,0,681.99,2756,,"-20,41",,"-81,93",,0,25
5,4728058,24685,12.28,730.09,731.87,2843.2,2.05,23.25,2,1,0,682.06,2755,,"-20,41",,0,,0,25
5,4728109,24736,12.28,730.09,731.87,2843.2,2.05,23.25,2,1,0,682.11,2755,,0,,"416,49",,0,25
5,4728161,24788,12.28,730.09,731.87,2843.2,2.05,23.25,2,1,0,682.24,2753,,"-31,75",,"-503,91",,0,25
5,4728213,"24,84",12.28,730.09,731.87,2843.2,2.05,23.25,2,1,0,682.24,2753,"2749,555556",0,-20311,"647,88",-63248,0,25
5,4728264,24891,12.28,730.09,731.87,2843.2,2.05,23.25,2,1,0,682.37,2752,,"-20,41",,"-416,49",,0,25
5,4728316,24943,12.27,730.09,731.87,2843.2,2.05,23.25,2,1,0,682.81,2746,,"-122,45",,"-2082,47",,0,25
5,4728367,24994,12.27,730.09,731.87,2843.2,2.05,23.25,2,1,0,683.58,2738,,"-163,27",,"-832,99",,0,25
5,4728419,25046,12.27,730.09,731.87,2843.2,2.05,23.25,2,1,0,683.58,2738,,0,,"3331,95",,0,25
5,4728471,25098,12.27,730.09,731.87,2843.2,2.05,23.25,2,1,0,683.48,2739,,"16,39",,"268,74",,0,25
5,4728522,25149,12.27,730.09,731.87,2843.2,2.05,23.25,2,1,0,683.42,2739,,0,,"-334,56",,0,25
5,4728573,"25,2",12.27,730.09,731.87,2843.2,2.05,23.25,2,1,0,683.65,2737,,"-40,82",,"-832,99",,0,25
5,4728625,25252,12.27,730.09,731.87,2843.2,2.05,23.25,2,1,0,683.83,2735,,"-40,82",,0,,0,25
5,4728677,25304,12.27,730.09,731.87,2843.2,2.05,23.25,2,1,0,683.85,2734,2734,"-16,39",-33525,"400,38",-28479,0,25
5,4728728,25355,12.27,730.09,731.87,2843.2,2.05,23.25,2,1,0,683.99,2733,,"-20,41",,"-81,93",,0,25
5,4728780,25407,12.28,730.09,731.87,2843.2,2.05,23.25,2,1,0,684.11,2731,,"-40,82",,"-416,49",,0,25
5,4728831,25458,12.28,730.09,731.87,2843.2,2.05,23.25,2,1,0,684.31,2729,,"-40,82",,0,,0,25
5,4728882,25509,12.28,730.09,731.87,2843.2,2.05,23.25,2,1,0,684.31,2729,,0,,"832,99",,0,25
5,4728934,25561,12.28,730.09,731.87,2843.2,2.05,23.25,2,1,0,684.41,2728,,"-16,39",,"-268,74",,0,25
5,4728986,25613,12.28,730.09,731.87,2843.2,2.05,23.25,2,1,0,684.48,2727,,"-20,41",,"-81,93",,0,25
5,4729038,25665,12.28,730.09,731.87,2843.2,2.05,23.25,2,1,0,684.61,2726,,"-20,41",,0,,0,25
5,4729089,25716,12.28,730.09,731.87,2843.2,2.05,23.25,2,1,0,684.67,2725,,"-20,41",,0,,0,25
5,4729141,25768,12.28,730.09,731.87,2843.2,2.05,23.25,2,1,0,684.67,2725,"2725,666667",0,-17960,"416,49",33546,0,25
5,4729193,"25,82",12.28,730.09,731.87,2843.2,2.05,23.25,2,1,0,684.7,2725,,0,,0,,0,155
6,4729695,26322,12.15,730.09,731.87,2843.2,2.05,23.25,2,1,0,684.67,2725,,0,,0,,0,155
6,4730197,26824,12.28,730.09,731.87,2843.2,2.05,23.25,2,1,0,684.67,2725,,0,,0,,0,155
6,4730699,27326,12.28,730.09,731.87,2843.2,2.05,23.25,2,2,0,684.67,2725,,0,,0,,2,147
6,4731200,27827,12.29,730.09,731.87,2843.2,2.05,23.25,2,0,0,687.49,2692,,"-12,99",,"47,58",,2,147
6,4731702,28329,12.53,730.09,731.87,2843.2,2.05,23.25,2,0,0,687.93,2687,,"-15,38",,"-7,38",,2,147
6,4732204,28831,12.3,730.09,731.87,2843.2,2.05,23.25,2,0,0,688.2,2684,,"-5,81",,"18,55",,2,147
6,4732705,29332,12.28,730.09,731.87,2843.2,2.05,23.25,2,0,0,688.88,2676,,"-16,23",,"-21,12",,2,147
6,4733206,29833,12.27,730.09,731.87,2843.2,2.05,23.25,2,0,0,690.08,2663,2660,"-26,37",-16154,"-20,57",444,2,147
6,4733708,30335,12.21,730.09,731.87,2843.2,2.05,23.25,2,0,0,691.49,2646,,"-32,57",,"-11,87",,2,147
6,4734210,30837,12.19,730.09,731.87,2843.2,2.05,23.25,2,0,0,692.14,2639,,"-14,55",,"37,45",,2,147
6,4734712,31339,12.32,730.09,731.87,2843.2,2.05,23.25,2,0,0,693.14,2628,,"-21,48",,"-13,54",,2,147
6,4735214,31841,12.54,730.09,731.87,2843.2,2.05,23.25,2,0,0,693.36,2625,,"-6,09",,"31,24",,2,147
6,4735716,32343,12.37,730.09,731.87,2843.2,2.05,23.25,2,0,0,695.5,2601,,"-47,43",,"-81,71",,2,147
6,4736217,32844,12.02,730.09,731.87,2843.2,2.05,23.25,2,0,0,696.2,2593,,"-15,84",,"62,55",,2,147
6,4736719,33346,12.24,730.09,731.87,2843.2,2.05,23.25,2,0,0,696.88,2585,,"-16,23",,"-0,78",,2,147
6,4737221,33848,12.24,730.09,731.87,2843.2,2.05,23.25,2,0,0,697.68,2576,,"-17,41",,"-2,28",,2,147
6,4737722,34349,12.25,730.09,731.87,2843.2,2.05,23.25,2,0,0,699.52,2555,"2559,333333","-42,6",-22291,"-51,09",-1359,2,147
6,4738224,34851,12.19,730.09,731.87,2843.2,2.05,23.25,2,0,0,701.17,2536,,"-38,54",,"8,23",,2,147
6,4738726,35353,12.16,730.09,731.87,2843.2,2.05,23.25,2,0,0,700.8,2540,,"7,65",,"88,31",,2,147
6,4739227,35854,12.28,730.09,731.87,2843.2,2.05,23.25,2,0,0,701.66,2530,,"-20,79",,"-59,12",,2,147
6,4739729,36356,12.38,730.09,731.87,2843.2,2.05,23.25,2,0,0,702.74,2518,,"-23,08",,"-4,4",,2,147
6,4740230,36857,12.28,730.09,731.87,2843.2,2.05,23.25,2,0,0,704.82,2495,,"-46,65",,"-47,82",,2,147
6,4740731,37358,12.27,730.09,731.87,2843.2,2.05,23.25,2,0,0,704.8,2495,,0,,"90,76",,2,147
6,4741232,37859,12.28,730.09,731.87,2843.2,2.05,23.25,2,0,0,705.97,2482,,"-27,03",,"-56,19",,2,147
6,4741734,38361,12.25,730.09,731.87,2843.2,2.05,23.25,2,0,0,706.53,2475,,"-13,54",,"26,09",,2,147
6,4742235,38862,12.28,730.09,731.87,2843.2,2.05,23.25,2,0,0,707.6,2463,"2460,888889","-24,34",-21814,"-21,91",106,2,147
6,4742737,39364,12.27,730.09,731.87,2843.2,2.05,23.25,2,0,0,708.67,2451,,"-24,34",,0,,2,147
6,4743238,39865,12.24,730.09,731.87,2843.2,2.05,23.25,2,0,0,709.35,2444,,"-13,49",,"20,91",,2,147
6,4743740,40367,12.5,730.09,731.87,2843.2,2.05,23.25,2,0,0,710.88,2426,,"-37,42",,"-49,76",,2,147
6,4744242,40869,12.26,730.09,731.87,2843.2,2.05,23.25,2,0,0,711.74,2417,,"-17,82",,"38,81",,2,147
6,4744743,"41,37",12.21,730.09,731.87,2843.2,2.05,23.25,2,0,0,712.45,2409,,"-15,41",,"4,64",,2,147
6,4745244,41871,12.32,730.09,731.87,2843.2,2.05,23.25,2,0,0,712.87,2404,,"-10,4",,"10,44",,2,147
6,4745746,42373,12.3,730.09,731.87,2843.2,2.05,23.25,2,0,0,714.31,2388,,"-31,68",,"-42,15",,2,147
6,4746247,42874,12.26,730.09,731.87,2843.2,2.05,23.25,2,0,0,714.31,2388,,0,,"62,37",,2,147
6,4746748,43375,12.28,730.09,731.87,2843.2,2.05,23.25,2,0,0,715.51,2375,"2371,555556","-26,37",-19795,"-53,49",447,2,147
6,4747249,43876,12.26,730.09,731.87,2843.2,2.05,23.25,2,0,0,717.59,2351,,"-47,52",,"-41,89",,2,147
6,4747751,44378,12.21,730.09,731.87,2843.2,2.05,23.25,2,0,0,718.18,2345,,"-11,65",,"69,66",,2,147
6,4748252,44879,12.28,730.09,731.87,2843.2,2.05,23.25,2,0,0,718.03,2347,,"4,06",,"31,86",,2,147
6,4748754,45381,12.34,730.09,731.87,2843.2,2.05,23.25,2,0,0,718.86,2337,,"-20,28",,"-49,37",,2,147
6,4749256,45883,12.3,730.09,731.87,2843.2,2.05,23.25,2,0,0,720.43,2320,,"-32,76",,"-24,03",,2,147
6,4749758,46385,12.33,730.09,731.87,2843.2,2.05,23.25,2,0,0,721.42,2309,,"-22,31",,"21,18",,2,147
6,4750260,46887,12.28,730.09,731.87,2843.2,2.05,23.25,2,0,0,721.75,2305,,"-7,83",,"28,35",,2,147
6,4750761,47388,12.27,730.09,731.87,2843.2,2.05,23.25,2,0,0,722.53,2297,,"-16,23",,"-17,04",,2,147
6,4751263,"47,89",12.23,730.09,731.87,2843.2,2.05,23.25,2,0,0,724.74,2272,"2279,777778","-49,02",-20327,"-64,3",-118,2,147
6,4751765,48392,12.26,730.09,731.87,2843.2,2.05,23.25,2,0,0,724.78,2272,,0,,"99,43",,2,147
6,4752267,48894,12.31,730.09,731.87,2843.2,2.05,23.25,2,0,0,726.21,2256,,"-31,13",,"-60,56",,2,147
6,4752768,49395,12.2,730.09,731.87,2843.2,2.05,23.25,2,0,0,726.62,2251,,"-10,4",,"43,1",,2,147
6,4753270,49897,12.29,730.09,731.87,2843.2,2.05,23.25,2,0,0,728.01,2236,,"-29,01",,"-36,01",,2,147
6,4753772,50399,12.2,730.09,731.87,2843.2,2.05,23.25,2,0,0,728.46,2231,,"-10,14",,"38,28",,2,147
6,4754273,"50,9",12.29,730.09,731.87,2843.2,2.05,23.25,2,0,0,729.3,2222,,"-18,26",,"-16,46",,2,147
6,4754775,51402,12.21,730.09,731.87,2843.2,2.05,23.25,2,0,0,730.58,2208,,"-26,87",,"-16,54",,2,147
6,4755276,51903,12.29,730.09,731.87,2843.2,2.05,23.25,2,0,0,730.28,2211,,"6,09",,"66,85",,2,147
6,4755777,52404,12.3,730.09,731.87,2843.2,2.05,23.25,2,0,0,731.82,2194,"2193,444444","-33,4",-19126,"-77,57",266,2,147
6,4756278,52905,12.38,730.09,731.87,2843.2,2.05,23.25,2,0,0,733.18,2179,,"-30,43",,"6,03",,2,147
6,4756780,53407,12.27,730.09,731.87,2843.2,2.05,23.25,2,0,0,734.05,2170,,"-18,18",,"24,74",,2,147
6,4757282,53909,12.35,730.09,731.87,2843.2,2.05,23.25,2,0,0,734.17,2169,,"-1,98",,"32,08",,2,147
6,4757783,"54,41",12.28,730.09,731.87,2843.2,2.05,23.25,2,0,0,735.25,2157,,"-20,83",,"-32,73",,2,147
6,4758285,54912,12.55,730.09,731.87,2843.2,2.05,23.25,2,0,0,736.91,2139,,"-42,65",,"-51,71",,2,147
6,4758786,55413,12.29,730.09,731.87,2843.2,2.05,23.25,2,0,0,737.31,2134,,"-9,92",,"64,95",,2,147
6,4759287,55914,12.21,730.09,731.87,2843.2,2.05,23.25,2,0,0,738.18,2125,,"-17,44",,"-14,58",,2,147
6,4759789,56416,12.29,730.09,731.87,2843.2,2.05,23.25,2,0,0,738.9,2117,,"-14,47",,"5,38",,2,147
6,4760297,56924,12.3,730.09,731.87,2843.2,2.05,23.25,2,0,0,739.61,2109,2106,"-18,48",-19346,"-9,26",-49,2,147
6,4760798,57425,12.28,730.09,731.87,2843.2,2.05,23.25,2,0,0,741.01,2094,,"-28,68",,"-19,51",,2,147
6,4761300,57927,12.21,730.09,731.87,2843.2,2.05,23.25,2,0,0,741.4,2090,,"-8,11",,"41,72",,2,147
6,4761801,58428,12.27,730.09,731.87,2843.2,2.05,23.25,2,0,0,742.47,2078,,"-23,48",,"-30,08",,2,147
6,4762302,58929,12.38,730.09,731.87,2843.2,2.05,23.25,2,0,0,743.39,2068,,"-20,28",,"6,49",,2,147
6,4762803,"59,43",12.27,730.09,731.87,2843.2,2.05,23.25,2,0,0,743.89,2063,,"-9,8",,"20,55",,2,147
6,4763304,59931,12.44,730.09,731.87,2843.2,2.05,23.25,2,0,0,745.78,2043,,"-41,58",,"-66,06",,2,147
6,4763806,60433,12.45,730.09,731.87,2843.2,2.05,23.25,2,0,0,746.13,2039,,"-7,68",,"65,07",,2,147
6,4764307,60934,12.26,730.09,731.87,2843.2,2.05,23.25,2,0,0,747.31,2026,,"-26,37",,"-37,91",,2,147
6,4764808,61435,12.27,730.09,731.87,2843.2,2.05,23.25,2,0,0,748.08,2018,"2019,666667","-15,72",-19138,"20,93",46,2,147
6,4765309,61936,12.27,730.09,731.87,2843.2,2.05,23.25,2,0,0,747.95,2019,,"2,03",,"35,99",,2,147
6,4765810,62437,12.29,730.09,731.87,2843.2,2.05,23.25,2,0,0,749.62,2001,,"-34,95",,"-71,81",,2,147
6,4766312,62939,12.39,730.09,731.87,2843.2,2.05,23.25,2,0,0,750.34,1993,,"-16,63",,"38,09",,2,147
6,4766814,63441,12.28,730.09,731.87,2843.2,2.05,23.25,2,0,0,752.05,1975,,"-34,82",,"-35,17",,2,147
6,4767315,63942,12.28,730.09,731.87,2843.2,2.05,23.25,2,0,0,752.29,1973,,"-4,06",,"62,39",,2,147
6,4767817,64444,12.25,730.09,731.87,2843.2,2.05,23.25,2,0,0,752.59,1969,,"-8,11",,"-8,23",,2,147
6,4768325,64952,12.24,730.09,731.87,2843.2,2.05,23.25,2,0,0,754.31,1951,,"-35,43",,"-53,78",,2,147
6,4768827,65454,12.49,730.09,731.87,2843.2,2.05,23.25,2,0,0,755.91,1934,,"-32,76",,"5,16",,2,147
6,4769328,65955,12.21,730.09,731.87,2843.2,2.05,23.25,2,0,0,756.86,1924,1930,"-19,92",-19838,"25,57",-155,2,147
6,4769829,66456,12.27,730.09,731.87,2843.2,2.05,23.25,2,0,0,756.79,1924,,0,,"41,41",,2,147
6,4770330,66957,12.3,730.09,731.87,2843.2,2.05,23.25,2,0,0,757.96,1912,,"-23,76",,"-47,05",,2,147
6,4770832,67459,12.29,730.09,731.87,2843.2,2.05,23.25,2,0,0,759.46,1896,,"-30,71",,"-13,34",,2,147
6,4771334,67961,12.22,730.09,731.87,2843.2,2.05,23.25,2,0,0,760.34,1887,,"-18,71",,"24,95",,2,147
6,4771836,68463,12.27,730.09,731.87,2843.2,2.05,23.25,2,0,0,761.05,1879,,"-15,41",,"6,35",,2,147
6,4772337,68964,12.32,730.09,731.87,2843.2,2.05,23.25,2,0,0,761.61,1873,,"-12,17",,"6,58",,2,147
6,4772839,69466,12.3,730.09,731.87,2843.2,2.05,23.25,2,0,0,762,1869,,"-8,11",,"8,23",,2,147
6,4773341,69968,12.26,730.09,731.87,2843.2,2.05,23.25,2,0,0,765.22,1835,,"-65,51",,"-110,59",,2,147
6,4773842,70469,12.03,730.09,731.87,2843.2,2.05,23.25,2,0,0,765.6,1831,"1835,888889","-8,11",-20849,"116,42",-224,2,147
6,4774343,"70,97",12.19,730.09,731.87,2843.2,2.05,23.25,2,0,0,766.43,1822,,"-18,26",,"-20,57",,2,147
6,4774845,71472,12.28,730.09,731.87,2843.2,2.05,23.25,2,0,0,767.33,1813,,"-17,24",,"1,94",,2,147
6,4775347,71974,12.28,730.09,731.87,2843.2,2.05,23.25,2,0,0,767.28,1813,,0,,"35,84",,2,147
6,4775848,72475,12.29,730.09,731.87,2843.2,2.05,23.25,2,0,0,769.72,1788,,"-48,17",,"-92,81",,2,147
6,4776356,72983,12.26,730.09,731.87,2843.2,2.05,23.25,2,0,0,770.38,1781,,"-14,55",,"69,89",,2,147
6,4776857,73484,12.27,730.09,731.87,2843.2,2.05,23.25,2,0,0,772.16,1762,,"-36,12",,"-41,01",,2,147
6,4777358,73985,12.26,730.09,731.87,2843.2,2.05,23.25,2,0,0,771.62,1768,,"12,17",,"97,96",,2,147
6,4777860,74487,12.27,730.09,731.87,2843.2,2.05,23.25,2,0,0,772.83,1755,,"-26,32",,"-77,91",,2,147
6,4778362,74989,12.28,730.09,731.87,2843.2,2.05,23.25,2,0,0,774.69,1735,1739,"-38,54",-21436,"-23,54",-130,2,147
6,4778863,"75,49",12.43,730.09,731.87,2843.2,2.05,23.25,2,0,0,775.12,1731,,"-8,11",,"61,71",,2,147
6,4779364,75991,12.27,730.09,731.87,2843.2,2.05,23.25,2,0,0,777.1,1710,,"-42,6",,"-69,94",,2,147
6,4779866,76493,12.26,730.09,731.87,2843.2,2.05,23.25,2,0,0,777.5,1706,,"-7,69",,"67,12",,2,147
6,4780368,76995,12.06,730.09,731.87,2843.2,2.05,23.25,2,0,0,777.79,1703,,"-6,24",,"3,03",,2,147
6,4780870,77497,12.27,730.09,731.87,2843.2,2.05,23.25,2,0,0,779.6,1684,,"-37,62",,"-62,15",,2,147
6,4781372,77999,12.18,730.09,731.87,2843.2,2.05,23.25,2,0,0,780.42,1676,,"-15,47",,"42,84",,2,147
6,4781874,78501,12.29,730.09,731.87,2843.2,2.05,23.25,2,0,0,780.96,1670,,"-12,17",,"6,7",,2,147
6,4782376,79003,12.27,730.09,731.87,2843.2,2.05,23.25,2,0,0,781.73,1662,,"-16,23",,"-8,23",,2,147
6,4782878,79505,12.29,730.09,731.87,2843.2,2.05,23.25,2,0,0,783.23,1646,"1648,111111","-30,42",-20126,"-26,98",290,2,147
6,4783379,80006,12.17,730.09,731.87,2843.2,2.05,23.25,2,0,0,784.38,1634,,"-24,95",,"11,37",,2,147
6,4783881,80508,12.07,730.09,731.87,2843.2,2.05,23.25,2,0,0,784.04,1638,,"7,74",,"63,22",,2,147
6,4784382,81009,12.32,730.09,731.87,2843.2,2.05,23.25,2,0,0,785.81,1620,,"-36,51",,"-89,75",,2,147
6,4784884,81511,12.26,730.09,731.87,2843.2,2.05,23.25,2,0,0,787.42,1603,,"-34,48",,"4,11",,2,147
6,4785385,82012,12.27,730.09,731.87,2843.2,2.05,23.25,2,0,0,788.06,1596,,"-13,51",,"40,48",,2,147
6,4785886,82513,12.23,730.09,731.87,2843.2,2.05,23.25,2,0,0,789.65,1580,,"-33,2",,"-40,83",,2,147
6,4786387,83014,12.19,730.09,731.87,2843.2,2.05,23.25,2,0,0,790.18,1575,,"-9,9",,"46,13",,2,147
6,4786888,83515,12.3,730.09,731.87,2843.2,2.05,23.25,2,0,0,791.64,1560,,"-29,01",,"-36,97",,2,147
6,4787389,84016,12.31,730.09,731.87,2843.2,2.05,23.25,2,0,0,793.4,1541,"1547,333333","-39,5",-22340,"-21,8",-491,2,147
6,4787891,84518,12.26,730.09,731.87,2843.2,2.05,23.25,2,0,0,793.49,1541,,0,,"78,22",,2,147
6,4788392,85019,12.23,730.09,731.87,2843.2,2.05,23.25,2,0,0,795.51,1520,,"-40,54",,"-78,26",,2,147
6,4788893,"85,52",12.47,730.09,731.87,2843.2,2.05,23.25,2,0,0,796.74,1507,,"-27,03",,"28,09",,2,147
6,4789395,86022,12.44,730.09,731.87,2843.2,2.05,23.25,2,0,0,796.88,1506,,"-1,98",,"49,6",,2,147
6,4789896,86523,12.27,730.09,731.87,2843.2,2.05,23.25,2,0,0,798.53,1489,,"-32,82",,"-59,53",,2,147
6,4790398,87025,12.28,730.09,731.87,2843.2,2.05,23.25,2,0,0,799.89,1475,,"-29,11",,"7,72",,2,147
6,4790899,87526,12.28,730.09,731.87,2843.2,2.05,23.25,2,0,0,799.94,1475,,0,,"57,64",,2,147
6,4791400,88027,12.34,730.09,731.87,2843.2,2.05,23.25,2,0,0,801.44,1459,,"-30,89",,"-59,63",,2,147
6,4791902,88529,12.29,730.09,731.87,2843.2,2.05,23.25,2,0,0,802.53,1448,"1449,666667","-22,87",-21641,"16,67",155,2,147
6,4792404,89031,12.28,730.09,731.87,2843.2,2.05,23.25,2,0,0,802.59,1448,,0,,"45,29",,2,147
6,4792906,89533,12.27,730.09,731.87,2843.2,2.05,23.25,2,0,0,804.44,1429,,"-36,68",,"-70,81",,2,147
6,4793407,90034,12.36,730.09,731.87,2843.2,2.05,23.25,2,0,0,806.07,1412,,"-34,48",,"4,46",,2,147
6,4793909,90536,12.09,730.09,731.87,2843.2,2.05,23.25,2,0,0,806.11,1412,,0,,"69,94",,2,147
6,4794410,91037,12.18,730.09,731.87,2843.2,2.05,23.25,2,0,0,808.13,1391,,"-40,08",,"-76,48",,2,147
6,4794911,91538,12.28,730.09,731.87,2843.2,2.05,23.25,2,0,0,808.9,1384,,"-14,55",,"53,06",,2,147
6,4795413,"92,04",12.2,730.09,731.87,2843.2,2.05,23.25,2,0,0,809.04,1382,,"-3,84",,"20,56",,2,147
6,4795915,92542,12.26,730.09,731.87,2843.2,2.05,23.25,2,0,0,811.49,1358,,"-49,9",,"-95,75",,2,147
6,4796417,93044,12.35,730.09,731.87,2843.2,2.05,23.25,2,0,0,811.5,1357,"1352,444444","-1,93",-21533,"92,6",24,2,147
6,4796918,93545,12.27,730.09,731.87,2843.2,2.05,23.25,2,0,0,813.43,1338,,"-38,54",,"-74,26",,2,147
6,4797420,94047,12.27,730.09,731.87,2843.2,2.05,23.25,2,0,0,814.7,1325,,"-26,37",,"24,69",,2,147
6,4797922,94549,12.27,730.09,731.87,2843.2,2.05,23.25,2,0,0,815.07,1322,,"-5,75",,"39,51",,2,147
6,4798423,"95,05",12.29,730.09,731.87,2843.2,2.05,23.25,2,0,0,815.72,1315,,"-14,55",,"-18,31",,2,147
6,4798925,95552,12.02,730.09,731.87,2843.2,2.05,23.25,2,0,0,817.69,1295,,"-38,46",,"-45,98",,2,147
6,4799426,96053,12.29,730.09,731.87,2843.2,2.05,23.25,2,0,0,818.17,1290,,"-10,14",,"57,44",,2,147
6,4799927,96554,12.27,730.09,731.87,2843.2,2.05,23.25,2,0,0,820.43,1268,,"-43,14",,"-64,7",,2,147
6,4800428,97055,12.32,730.09,731.87,2843.2,2.05,23.25,2,0,0,821.17,1260,,"-16,63",,"55,1",,2,147
6,4800930,97557,12.27,730.09,731.87,2843.2,2.05,23.25,2,0,0,821.45,1258,"1256,666667","-3,84",-21223,"24,56",69,2,147
6,4801431,98058,12.25,730.09,731.87,2843.2,2.05,23.25,2,0,0,821.97,1252,,"-12,17",,"-16,9",,2,147
6,4801932,98559,12.28,730.09,731.87,2843.2,2.05,23.25,2,0,0,823.72,1235,,"-33,33",,"-41,5",,2,147
6,4802433,"99,06",12.38,730.09,731.87,2843.2,2.05,23.25,2,0,0,824.33,1229,,"-12,47",,"43,37",,2,147
6,4802935,99562,12.27,730.09,731.87,2843.2,2.05,23.25,2,0,0,824.88,1223,,"-11,52",,"1,84",,2,147
6,4803436,100063,12.25,730.09,731.87,2843.2,2.05,23.25,2,0,0,826.48,1208,,"-30,43",,"-38,36",,2,147
6,4803937,100564,12.14,730.09,731.87,2843.2,2.05,23.25,2,0,0,827.48,1198,,"-19,61",,"21,21",,2,147
6,4804439,101066,12.33,730.09,731.87,2843.2,2.05,23.25,2,0,0,827.78,1195,,"-6,24",,"27,8",,2,147
6,4804941,101568,12.26,730.09,731.87,2843.2,2.05,23.25,2,0,0,829.83,1174,,"-39,92",,"-64,04",,2,147
6,4805442,102069,12.34,730.09,731.87,2843.2,2.05,23.25,2,0,0,830.34,1169,"1170,666667","-10,4",-19060,"61,39",479,2,147
6,4805944,102571,12.29,730.09,731.87,2843.2,2.05,23.25,2,0,0,831.54,1157,,"-23,17",,"-24,65",,2,147
6,4806445,103072,12.21,730.09,731.87,2843.2,2.05,23.25,2,0,0,831.85,1154,,"-6,09",,"34,65",,2,147
6,4806947,103574,12.24,730.09,731.87,2843.2,2.05,23.25,2,0,0,832.48,1148,,"-12,17",,"-12,34",,2,147
6,4807449,104076,12.27,730.09,731.87,2843.2,2.05,23.25,2,0,0,834.07,1133,,"-28,9",,"-32,24",,2,147
6,4807950,104577,12.29,730.09,731.87,2843.2,2.05,23.25,2,0,0,835.68,1117,,"-32,45",,"-7,21",,2,147
6,4808451,105078,12.27,730.09,731.87,2843.2,2.05,23.25,2,0,0,835.99,1114,,"-6,09",,"53,49",,2,147
6,4808953,"105,58",12.32,730.09,731.87,2843.2,2.05,23.25,2,0,0,836.66,1107,,"-13,51",,"-14,34",,2,147
6,4809455,106082,12.16,730.09,731.87,2843.2,2.05,23.25,2,0,0,837.78,1096,,"-22,31",,"-17,85",,2,147
6,4809957,106584,12.27,730.09,731.87,2843.2,2.05,23.25,2,0,0,839.82,1076,"1084,555556","-40,49",-19072,"-36,79",-3,2,147
6,4810459,107086,12.21,730.09,731.87,2843.2,2.05,23.25,2,0,0,839.47,1079,,"5,78",,"89,14",,2,147
6,4810960,107587,12.28,730.09,731.87,2843.2,2.05,23.25,2,0,0,840.56,1069,,"-20,28",,"-52,87",,2,147
6,4811461,108088,12.3,730.09,731.87,2843.2,2.05,23.25,2,0,0,842.56,1049,,"-40,57",,"-41,14",,2,147
6,4811963,"108,59",12.28,730.09,731.87,2843.2,2.05,23.25,2,0,0,842.05,1054,,"9,65",,"96,95",,2,147
6,4812464,109091,12.27,730.09,731.87,2843.2,2.05,23.25,2,0,0,843.51,1040,,"-28,4",,"-77,18",,2,147
6,4812965,109592,12.27,730.09,731.87,2843.2,2.05,23.25,2,0,0,844.72,1028,,"-24,34",,"8,23",,2,147
6,4813466,110093,12.27,730.09,731.87,2843.2,2.05,23.25,2,0,0,846.8,1008,,"-38,61",,"-27,55",,2,147
6,4813968,110595,12.06,730.09,731.87,2843.2,2.05,23.25,2,0,0,847.14,1005,,"-6,24",,"67,3",,2,147
6,4814469,111096,12.2,730.09,731.87,2843.2,2.05,23.25,2,0,0,847.71,999,"998,5555556","-11,88",-19060,"-11,18",3,2,147
6,4814971,111598,12.27,730.09,731.87,2843.2,2.05,23.25,2,0,0,848.96,987,,"-23,17",,"-21,79",,2,147
6,4815472,112099,12.26,730.09,731.87,2843.2,2.05,23.25,2,0,0,849.9,978,,"-18,26",,"9,96",,2,147
6,4815973,"112,6",12.31,730.09,731.87,2843.2,2.05,23.25,2,0,0,850.33,973,,"-10,12",,"16,47",,2,147
6,4816474,113101,12.25,730.09,731.87,2843.2,2.05,23.25,2,0,0,850.84,969,,"-7,89",,"4,4",,2,147
6,4816976,113603,12.25,730.09,731.87,2843.2,2.05,23.25,2,0,0,852.92,948,,"-42,6",,"-70,4",,2,147
6,4817477,114104,12.27,730.09,731.87,2843.2,2.05,23.25,2,0,0,853.32,945,,"-5,94",,"72,59",,2,147
6,4817978,114605,12.28,730.09,731.87,2843.2,2.05,23.25,2,0,0,853.74,940,,"-9,69",,"-7,27",,2,147
6,4818480,115107,12.4,730.09,731.87,2843.2,2.05,23.25,2,0,0,855.5,923,,"-35,34",,"-53,33",,2,147
6,4818981,115608,12.05,730.09,731.87,2843.2,2.05,23.25,2,0,0,856.03,918,917,"-9,9",-18075,"50,38",218,2,147
6,4819482,116109,12.28,730.09,731.87,2843.2,2.05,23.25,2,0,0,856.51,914,,"-7,72",,"4,21",,2,147
6,4819983,"116,61",12.27,730.09,731.87,2843.2,2.05,23.25,2,0,0,858.09,898,,"-33,26",,"-53,1",,2,147
6,4820485,117112,12.34,730.09,731.87,2843.2,2.05,23.25,2,0,0,858.98,890,,"-15,84",,"34,5",,2,147
6,4820986,117613,12.28,730.09,731.87,2843.2,2.05,23.25,2,0,0,860.31,877,,"-25,19",,"-18,12",,2,147
6,4821488,118115,12.28,730.09,731.87,2843.2,2.05,23.25,2,0,0,861.32,867,,"-20,28",,"9,96",,2,147
6,4821990,118617,12.27,730.09,731.87,2843.2,2.05,23.25,2,0,0,862.08,860,,"-14,17",,"12,38",,2,147
6,4822491,119118,12.27,730.09,731.87,2843.2,2.05,23.25,2,0,0,863.56,846,,"-26,92",,"-24,53",,2,147
6,4822993,"119,62",12.27,730.09,731.87,2843.2,2.05,23.25,2,0,0,864.32,839,,"-14,55",,"25,72",,2,147
6,4823494,120121,12.34,730.09,731.87,2843.2,2.05,23.25,2,0,0,865.19,830,"832,4444444","-17,24",-18736,"-5,15",-146,2,147
6,4823995,120622,12.22,730.09,731.87,2843.2,2.05,23.25,2,0,0,865.54,827,,"-6,24",,"22,88",,2,147
6,4824502,121129,12.14,730.09,731.87,2843.2,2.05,23.25,2,0,0,865.92,823,,"-7,68",,"-2,76",,2,147
6,4825004,121631,12.25,730.09,731.87,2843.2,2.05,23.25,2,0,0,867.98,804,,"-38,54",,"-62,6",,2,147
6,4825506,122133,12.25,730.09,731.87,2843.2,2.05,23.25,2,0,0,868.76,796,,"-15,44",,"44,59",,2,147
6,4826008,122635,12.26,730.09,731.87,2843.2,2.05,23.25,2,0,0,869.26,791,,"-10,4",,"10,5",,2,147
6,4826509,123136,12.27,730.09,731.87,2843.2,2.05,23.25,2,0,0,869.88,785,,"-11,88",,"-2,94",,2,147
6,4827010,123637,12.28,730.09,731.87,2843.2,2.05,23.25,2,0,0,872.08,765,,"-38,68",,"-51,84",,2,147
6,4827511,124138,12.35,730.09,731.87,2843.2,2.05,23.25,2,0,0,873,756,,"-18,71",,"41,53",,2,147
6,4828012,124639,12.29,730.09,731.87,2843.2,2.05,23.25,2,0,0,873.93,747,"751,7777778","-17,82",-17855,"1,76",195,2,147
6,4828514,125141,12.17,730.09,731.87,2843.2,2.05,23.25,2,0,0,874.17,745,,"-3,87",,"26,99",,2,147
6,4829015,125642,12.23,730.09,731.87,2843.2,2.05,23.25,2,0,0,874.8,739,,"-12,17",,"-16,84",,2,147
6,4829517,126144,12.06,730.09,731.87,2843.2,2.05,23.25,2,0,0,876.49,723,,"-32,45",,"-41,14",,2,147
6,4830019,126646,11.99,730.09,731.87,2843.2,2.05,23.25,2,0,0,877.32,715,,"-15,21",,"32,79",,2,147
6,4830520,127147,12.24,730.09,731.87,2843.2,2.05,23.25,2,0,0,878.24,706,,"-18,71",,"-7,28",,2,147
6,4831021,127648,12.26,730.09,731.87,2843.2,2.05,23.25,2,0,0,879.31,696,,"-19,42",,"-1,37",,2,147
6,4831523,"128,15",12.31,730.09,731.87,2843.2,2.05,23.25,2,0,0,880.47,685,,"-22,87",,"-7,18",,2,147
6,4832025,128652,12.27,730.09,731.87,2843.2,2.05,23.25,2,0,0,881.14,679,,"-11,88",,"21,76",,2,147
6,4832526,129153,12.17,730.09,731.87,2843.2,2.05,23.25,2,0,0,882.54,666,"669,1111111","-24,86",-18313,"-24,81",-102,2,147
6,4833027,129654,12.35,730.09,731.87,2843.2,2.05,23.25,2,0,0,883.23,659,,"-14,55",,"21,42",,2,147
6,4833528,130155,12.16,730.09,731.87,2843.2,2.05,23.25,2,0,0,883.37,658,,"-1,94",,"24,45",,2,147
6,4834029,130656,12.54,730.09,731.87,2843.2,2.05,23.25,2,0,0,885.4,639,,"-38,54",,"-74,24",,2,147
6,4834531,131158,12.17,730.09,731.87,2843.2,2.05,23.25,2,0,0,885.86,634,,"-10,14",,"57,6",,2,147
6,4835032,131659,12.27,730.09,731.87,2843.2,2.05,23.25,2,0,0,886.99,624,,"-19,23",,"-17,48",,2,147
6,4835533,"132,16",12.18,730.09,731.87,2843.2,2.05,23.25,2,0,0,888.47,610,,"-29,11",,"-20,53",,2,147
6,4836035,132662,12.39,730.09,731.87,2843.2,2.05,23.25,2,0,0,889.96,596,,"-26,92",,"4,2",,2,147
6,4836536,133163,12.33,730.09,731.87,2843.2,2.05,23.25,2,0,0,890.32,593,,"-6,09",,"42,27",,2,147
6,4837037,133664,12.05,730.09,731.87,2843.2,2.05,23.25,2,0,0,892.1,576,"579,5555556","-33,07",-19853,"-52,51",-341,2,147
6,4837538,134165,12.32,730.09,731.87,2843.2,2.05,23.25,2,0,0,892.35,574,,"-4,16",,"60,12",,2,147
6,4838039,134666,12.26,730.09,731.87,2843.2,2.05,23.25,2,0,0,894.37,555,,"-36,75",,"-63,04",,2,147
6,4838540,135167,12.23,730.09,731.87,2843.2,2.05,23.25,2,0,0,894.75,551,,"-8,32",,"59,12",,2,147
6,4839041,135668,12.53,730.09,731.87,2843.2,2.05,23.25,2,0,0,896.33,537,,"-27,67",,"-38,25",,2,147
6,4839543,"136,17",12.46,730.09,731.87,2843.2,2.05,23.25,2,0,0,896.49,535,,"-3,85",,"45,89",,2,147
6,4840044,136671,12.47,730.09,731.87,2843.2,2.05,23.25,2,0,0,898.28,518,,"-35,34",,"-65,47",,2,147
6,4840546,137173,12.34,730.09,731.87,2843.2,2.05,23.25,2,0,0,898.72,514,,"-7,71",,"53,25",,2,147
6,4841048,137675,12.2,730.09,731.87,2843.2,2.05,23.25,2,0,0,900.65,496,,"-36,51",,"-58,43",,2,147
6,4841549,138176,12.19,730.09,731.87,2843.2,2.05,23.25,2,0,0,900.88,494,"494,2222222","-4,06",-18913,"65,83",208,2,147
6,4842050,138677,12.26,730.09,731.87,2843.2,2.05,23.25,2,0,0,901.66,487,,"-13,49",,"-18,17",,2,147
6,4842552,139179,12.2,730.09,731.87,2843.2,2.05,23.25,2,0,0,902.73,477,,"-20,79",,"-15,18",,2,147
6,4843054,139681,12.27,730.09,731.87,2843.2,2.05,23.25,2,0,0,903.24,473,,"-7,92",,"25,48",,2,147
6,4843555,140182,12.27,730.09,731.87,2843.2,2.05,23.25,2,0,0,905.2,454,,"-36,61",,"-55,28",,2,147
6,4844056,140683,12.21,730.09,731.87,2843.2,2.05,23.25,2,0,0,905,456,,"4,15",,"84,56",,2,147
6,4844558,141185,12.39,730.09,731.87,2843.2,2.05,23.25,2,0,0,906.74,440,,"-30,77",,"-67,15",,2,147
6,4845059,141686,12.28,730.09,731.87,2843.2,2.05,23.25,2,0,0,908.24,426,,"-28,4",,"4,81",,2,147
6,4845560,142187,12.32,730.09,731.87,2843.2,2.05,23.25,2,0,0,908.9,420,,"-11,79",,"32,63",,2,147
6,4846061,142688,12.21,730.09,731.87,2843.2,2.05,23.25,2,0,0,910.15,409,"412,5555556","-22,31",-18100,"-21,35",180,2,147
6,4846562,143189,12.17,730.09,731.87,2843.2,2.05,23.25,2,0,0,911.41,397,,"-23,39",,"-2,1",,2,147
6,4847063,"143,69",12.25,730.09,731.87,2843.2,2.05,23.25,2,0,0,911.74,394,,"-6,24",,"35,66",,2,147
6,4847564,144191,12.28,730.09,731.87,2843.2,2.05,23.25,2,0,0,912.01,392,,"-3,86",,"4,59",,2,147
6,4848065,144692,12.26,730.09,731.87,2843.2,2.05,23.25,2,0,0,913.45,379,,"-27,03",,"-48,16",,2,147
6,4848566,145193,12.23,730.09,731.87,2843.2,2.05,23.25,2,0,0,914.54,369,,"-19,8",,"14,31",,2,147
6,4849067,145694,12.25,730.09,731.87,2843.2,2.05,23.25,2,0,0,914.82,366,,"-5,8",,"27,08",,2,147
6,4849568,146195,12.32,730.09,731.87,2843.2,2.05,23.25,2,0,0,915.6,359,,"-14,55",,"-18,19",,2,147
6,4850070,146697,12.25,730.09,731.87,2843.2,2.05,23.25,2,0,0,916.85,348,,"-21,78",,"-14,32",,2,147
6,4850572,147199,12.31,730.09,731.87,2843.2,2.05,23.25,2,0,0,917.19,344,"337,7777778","-7,72",-16577,"27,14",338,2,147
6,4851073,"147,7",12.26,730.09,731.87,2843.2,2.05,23.25,2,0,0,918.86,329,,"-30,43",,"-46,05",,2,147
6,4851574,148201,12.22,730.09,731.87,2843.2,2.05,23.25,2,0,0,919.92,320,,"-18,26",,"24,69",,2,147
6,4852075,148702,12.24,730.09,731.87,2843.2,2.05,23.25,2,0,0,921.7,303,,"-33,53",,"-30,13",,2,147
6,4852577,149204,12.18,730.09,731.87,2843.2,2.05,23.25,2,0,0,921.88,302,,"-2,03",,"63,9",,2,147
6,4853079,149706,12.29,730.09,731.87,2843.2,2.05,23.25,2,0,0,924.03,282,,"-39,6",,"-74,41",,2,147
6,4853581,150208,12.36,730.09,731.87,2843.2,2.05,23.25,2,0,0,923.7,285,,"5,79",,"87,64",,3,151
7,4854583,"151,21",12.05,730.09,731.87,2843.2,2.05,23.25,1,0,0,926.56,259,,"-52,74",,"-118,72",,3,151
7,4855585,152212,12.23,730.09,731.87,2843.2,2.05,23.25,1,0,0,928.38,243,,"-15,83",,"36,51",,3,151
7,4856587,153214,12.27,730.09,731.87,2843.2,2.05,23.25,1,0,0,929.05,237,"247,2222222","-6,09",-15055,"9,88",253,3,151
7,4857588,154215,12.31,730.09,731.87,2843.2,2.05,23.25,1,0,0,929.29,235,,"-1,96",,"4,04",,3,135
7,4858590,155217,12.32,730.09,731.87,2843.2,2.05,23.25,1,0,0,929.54,232,,"-3,05",,"-1,11",,3,135
7,4859592,156219,12.28,730.09,731.87,2843.2,2.05,23.25,1,0,0,930,228,,"-3,94",,"-0,89",,3,135
7,4860593,"157,22",12.22,730.09,731.87,2843.2,2.05,23.25,1,0,0,930.51,224,,"-3,99",,"-0,05",,3,135
7,4861594,158221,12.27,730.09,731.87,2843.2,2.05,23.25,1,0,0,930.9,220,,-4,,"-0,01",,3,135
7,4862595,159222,12.36,730.09,731.87,2843.2,2.05,23.25,1,0,0,931.18,218,,"-2,03",,2,,3,135
7,4863597,160224,12.21,730.09,731.87,2843.2,2.05,23.25,1,0,0,931.56,214,,"-3,96",,"-1,91",,3,135
7,4864599,161226,12.12,730.09,731.87,2843.2,2.05,23.25,1,0,0,932.03,210,,"-4,01",,"-0,05",,3,135
7,4865600,162227,12.26,730.09,731.87,2843.2,2.05,23.25,1,0,0,932.34,207,"206,3333333","-2,96",-4537,"1,04",1167,3,135
7,4866601,163228,12.21,730.09,731.87,2843.2,2.05,23.25,1,0,0,932.78,203,,"-3,97",,"-1,01",,3,135
7,4867602,164229,12.15,730.09,731.87,2843.2,2.05,23.25,1,0,0,933.04,201,,"-2,01",,"1,97",,3,135
7,4868603,"165,23",12.36,730.09,731.87,2843.2,2.05,23.25,1,0,0,933.79,194,,"-7,11",,"-5,18",,3,135
7,4869605,166232,12.09,730.09,731.87,2843.2,2.05,23.25,1,0,0,934.2,190,,"-4,01",,"3,10",,3,135
7,4870607,167234,12.23,730.09,731.87,2843.2,2.05,23.25,1,0,0,934.63,187,,"-2,94",,"1,05",,3,135
7,4871609,168236,12.21,730.09,731.87,2843.2,2.05,23.25,1,0,0,934.87,184,,"-3,05",,"-0,11",,3,135
7,4872610,169237,12.24,730.09,731.87,2843.2,2.05,23.25,1,0,0,935.6,178,,"-5,88",,"-2,78",,3,135
7,4873611,170238,12.17,730.09,731.87,2843.2,2.05,23.25,1,0,0,935.95,175,,"-3,05",,"2,88",,3,135
7,4874613,"171,24",12.6,730.09,731.87,2843.2,2.05,23.25,1,0,0,936.48,170,"170,3333333","-5,01",-3994,"-1,97",60,3,135
7,4875614,172241,12.26,730.09,731.87,2843.2,2.05,23.25,1,0,0,936.92,166,,"-3,92",,"1,07",,3,135
7,4876616,173243,12.36,730.09,731.87,2843.2,2.05,23.25,1,0,0,937.37,162,,"-4,06",,"-0,14",,3,135
7,4877618,174245,12.37,730.09,731.87,2843.2,2.05,23.25,1,0,0,937.7,159,,"-3,01",,"1,05",,3,135
7,4878620,175247,12.39,730.09,731.87,2843.2,2.05,23.25,1,0,0,938.43,152,,"-6,83",,"-3,73",,3,135
7,4879621,176248,12.2,730.09,731.87,2843.2,2.05,23.25,1,0,0,938.84,149,,"-3,01",,"3,83",,3,135
7,4880623,"177,25",12.5,730.09,731.87,2843.2,2.05,23.25,1,0,0,939.3,145,,"-4,06",,"-1,07",,3,135
7,4881624,178251,12.57,730.09,731.87,2843.2,2.05,23.25,1,0,0,939.77,140,,"-4,92",,"-0,85",,3,199
7,4882625,179252,12.17,730.09,731.87,2843.2,2.05,23.25,1,0,0,940.36,135,,"-5,08",,"-0,16",,3,199
7,4883626,180253,12.44,730.09,731.87,2843.2,2.05,23.25,1,0,0,940.75,132,"131,8888889","-2,94",-4265,"2,09",-30,3,199
7,4884627,181254,12.26,730.09,731.87,2843.2,2.05,23.25,1,0,0,941.28,127,,"-5,07",,"-2,16",,3,199
7,4885629,182256,12.26,730.09,731.87,2843.2,2.05,23.25,1,0,0,941.65,124,,"-3,01",,"2,07",,3,199
7,4886630,183257,12.24,730.09,731.87,2843.2,2.05,23.25,1,0,0,942.18,119,,"-4,9",,"-1,86",,3,199
7,4887631,184258,12.42,730.09,731.87,2843.2,2.05,23.25,1,0,0,942.55,116,,"-3,05",,"1,88",,3,199
7,4888633,"185,26",12.26,730.09,731.87,2843.2,2.05,23.25,1,0,0,943.35,108,,"-8,02",,"-4,98",,3,199
7,4889635,186262,12.34,730.09,731.87,2843.2,2.05,23.25,1,0,0,943.78,105,,"-2,94",,"4,98",,3,199
7,4890637,187264,12.19,730.09,731.87,2843.2,2.05,23.25,1,0,0,944.14,101,,"-4,06",,"-1,13",,3,199
7,4891639,188266,12.34,730.09,731.87,2843.2,2.05,23.25,1,0,0,944.61,97,,"-3,92",,"0,14",,3,199
7,4892641,189268,12.24,730.09,731.87,2843.2,2.05,23.25,1,0,0,944.93,94,"92,88888889","-3,05",-4326,"0,89",-7,3,199
7,4893642,190269,12.26,730.09,731.87,2843.2,2.05,23.25,1,0,0,945.71,87,,"-6,87",,"-3,75",,3,199
7,4894643,"191,27",12.26,730.09,731.87,2843.2,2.05,23.25,1,0,0,945.93,85,,"-2,03",,"4,91",,3,199
7,4895644,192271,12.2,730.09,731.87,2843.2,2.05,23.25,1,0,0,946.26,83,,-2,,"0,03",,3,199
7,4896645,193272,12.34,730.09,731.87,2843.2,2.05,23.25,1,0,0,947.03,76,,"-6,86",,"-4,76",,3,199
7,4897646,194273,12.27,730.09,731.87,2843.2,2.05,23.25,1,0,0,947.42,72,,"-4,06",,"2,84",,3,199
7,4898648,195275,12.26,730.09,731.87,2843.2,2.05,23.25,1,0,0,948.07,66,,"-6,01",,"-1,96",,3,199
7,4899650,196277,12.3,730.09,731.87,2843.2,2.05,23.25,1,0,0,948.46,63,,"-2,93",,"3,01",,3,199
7,4900652,197279,12.25,730.09,731.87,2843.2,2.05,23.25,1,0,0,948.84,60,,"-3,05",,"-0,11",,3,199
7,4901653,"198,28",12.32,730.09,731.87,2843.2,2.05,23.25,1,0,0,949.62,53,"53,66666667","-7,01",-4352,"-3,98",-3,3,199
7,4902655,199282,12.18,730.09,731.87,2843.2,2.05,23.25,1,0,0,950.15,48,,"-4,9",,"2,07",,3,199
7,4903657,200284,12.21,730.09,731.87,2843.2,2.05,23.25,1,0,0,950.5,45,,"-3,05",,"1,88",,3,199
7,4904658,201285,12.34,730.09,731.87,2843.2,2.05,23.25,1,0,0,951.1,40,,"-4,89",,"-1,8",,3,199
7,4905660,202287,12.32,730.09,731.87,2843.2,2.05,23.25,1,0,0,951.5,36,,"-4,06",,"0,84",,3,199
7,4906661,203288,12.19,730.09,731.87,2843.2,2.05,23.25,1,0,0,952.04,31,,"-4,93",,"-0,85",,3,199
7,4907662,204289,12.35,730.09,731.87,2843.2,2.05,23.25,1,0,0,952.54,27,,-4,,"0,92",,3,199
7,4908664,205291,12.23,730.09,731.87,2843.2,2.05,23.25,1,0,0,953.03,22,,"-5,08",,"-1,09",,3,199
7,4909665,206292,12.36,730.09,731.87,2843.2,2.05,23.25,1,0,0,953.45,19,,"-2,93",,"2,10",,3,199
7,4910667,207294,12.19,730.09,731.87,2843.2,2.05,23.25,1,0,0,953.95,14,"13,66666667","-5,08",-4438,"-2,18",-9,3,199
7,4911668,208295,12.35,730.09,731.87,2843.2,2.05,23.25,1,0,0,954.66,8,,"-5,92",,"-0,83",,3,199
7,4912670,209297,12.26,730.09,731.87,2843.2,2.05,23.25,1,0,0,955.01,5,,-3,,"2,92",,3,199
7,4913672,210299,12.24,730.09,731.87,2843.2,2.05,23.25,1,0,0,955.65,0,,"-5,08",,"-2,11",,3,199
7,4914673,"211,3",12.36,730.09,731.87,2843.2,2.05,23.25,1,0,0,956.07,-3,,"-2,94",,"2,09",,3,199
7,4915674,212301,12.19,730.09,731.87,2843.2,2.05,23.25,1,0,0,956.85,-10,,"-7,11",,"-4,23",,3,199
7,4916676,213303,12.36,730.09,731.87,2843.2,2.05,23.25,1,0,0,957.33,-15,,"-5,01",,"2,10",,3,199
7,4917678,214305,12.32,730.09,731.87,2843.2,2.05,23.25,1,0,0,958.13,-22,,"-6,86",,"-1,82",,3,199
7,4918679,215306,12.25,730.09,731.87,2843.2,2.05,23.25,1,0,0,958.39,-24,,"-2,03",,"4,91",,3,199
7,4919680,216307,12.24,730.09,731.87,2843.2,2.05,23.25,1,0,0,958.82,-28,-28,"-3,93",-4623,"-1,87",-21,3,199
7,4920682,217309,12.15,730.09,731.87,2843.2,2.05,23.25,1,0,0,959.25,-31,,"-3,05",,"0,9",,3,199
7,4921683,"218,31",12.33,730.09,731.87,2843.2,2.05,23.25,1,0,0,959.77,-36,,"-4,92",,"-1,84",,3,199
7,4922685,219312,12.33,730.09,731.87,2843.2,2.05,23.25,1,0,0,960.36,-41,,"-5,08",,"-0,16",,3,199
7,4923686,220313,12.25,730.09,731.87,2843.2,2.05,23.25,1,0,0,960.85,-45,,"-3,9",,"1,15",,3,199
7,4924687,221314,12.16,730.09,731.87,2843.2,2.05,23.25,1,0,0,961.31,-50,,"-5,04",,"-1,14",,3,199
7,4925688,222315,12.34,730.09,731.87,2843.2,2.05,23.25,1,0,0,961.65,-53,,"-3,05",,"2,02",,3,199
7,4926689,223316,12.2,730.09,731.87,2843.2,2.05,23.25,1,0,0,962.14,-57,,"-3,93",,"-0,87",,3,199
7,4927690,224317,12.2,730.09,731.87,2843.2,2.05,23.25,1,0,0,962.57,-61,,"-4,06",,"-0,13",,3,199
7,4928692,225319,12.25,730.09,731.87,2843.2,2.05,23.25,1,0,0,962.98,-64,-65,"-3,01",-4106,"1,05",57,3,199
7,4929694,226321,12.19,730.09,731.87,2843.2,2.05,23.25,1,0,0,963.51,-69,,"-4,9",,"-1,86",,3,199
7,4930695,227322,12.55,730.09,731.87,2843.2,2.05,23.25,1,0,0,964.07,-74,,"-5,08",,"-0,18",,3,199
7,4931696,228323,12.17,730.09,731.87,2843.2,2.05,23.25,1,0,0,964.44,-77,,"-2,94",,"2,09",,3,199
7,4932698,229325,12.17,730.09,731.87,2843.2,2.05,23.25,1,0,0,964.82,-80,,"-3,05",,"-0,1",,3,199
7,4933699,230326,12.3,730.09,731.87,2843.2,2.05,23.25,1,0,0,965.14,-83,,"-2,95",,"0,1",,3,199
7,4934700,231327,12.23,730.09,731.87,2843.2,2.05,23.25,1,0,0,965.4,-85,,"-2,03",,"0,93",,3,199
7,4935702,232329,12.48,730.09,731.87,2843.2,2.05,23.25,1,0,0,965.21,-84,,1,,"3,04",,3,199
7,4936703,"233,33",12.32,730.09,731.87,2843.2,2.05,23.25,1,0,0,965.19,-84,,0,,"-0,98",,3,199
7,4937705,234332,12.18,730.09,731.87,2843.2,2.05,23.25,1,0,0,965.16,-83,"-83,44444444","1,02",-2046,"1,03",228,3,199
7,4938707,235334,12.17,730.09,731.87,2843.2,2.05,23.25,1,0,0,965.14,-83,,0,,"-1,01",,3,199
7,4939709,236336,12.21,730.09,731.87,2843.2,2.05,23.25,1,0,0,965.13,-83,,0,,0,,3,199
7,4940710,237337,12.47,730.09,731.87,2843.2,2.05,23.25,1,0,0,965.13,-83,,0,,0,,3,199
7,4941711,238338,12.27,730.09,731.87,2843.2,2.05,23.25,1,0,0,965.09,-83,,0,,0,,3,199
7,4942712,239339,12.35,730.09,731.87,2843.2,2.05,23.25,1,0,0,965.08,-83,,0,,0,,3,199
7,4943713,"240,34",12.27,730.09,731.87,2843.2,2.05,23.25,1,0,0,965.1,-83,,0,,0,,3,199
7,4944715,241342,12.33,730.09,731.87,2843.2,2.05,23.25,1,0,0,965.08,-83,,0,,0,,3,199
7,4945717,242344,12.07,730.09,731.87,2843.2,2.05,23.25,1,0,0,965.09,-83,,0,,0,,3,199
7,4946718,243345,12.26,730.09,731.87,2843.2,2.05,23.25,1,0,0,965.04,-82,"-82,55555556","1,02",99,"1,03",238,3,199
7,4947719,244346,12.27,730.09,731.87,2843.2,2.05,23.25,1,0,0,965.04,-82,,0,,-1,,3,199
7,4948720,245347,12.16,730.09,731.87,2843.2,2.05,23.25,1,0,0,965.05,-82,,0,,0,,3,199
7,4949722,246349,12.3,730.09,731.87,2843.2,2.05,23.25,1,0,0,965.07,-83,,-1,,-1,,3,199
7,4950724,247351,12.06,730.09,731.87,2843.2,2.05,23.25,1,0,0,965.03,-82,,"0,98",,"1,94",,3,199
7,4951726,248353,12.25,730.09,731.87,2843.2,2.05,23.25,1,0,0,965.06,-82,,0,,"-0,99",,3,199
7,4952728,249355,12.15,730.09,731.87,2843.2,2.05,23.25,1,0,0,965.06,-82,,0,,0,,3,199
7,4953730,250357,12.2,730.09,731.87,2843.2,2.05,23.25,1,0,0,965.04,-82,,0,,0,,3,199
7,4954731,251358,12.15,730.09,731.87,2843.2,2.05,23.25,1,0,0,965.02,-82,,0,,0,,3,199
7,4955732,252359,12.32,730.09,731.87,2843.2,2.05,23.25,1,0,0,965.06,-82,"-82,11111111",0,49,0,-5,3,199
7,4956733,"253,36",12.25,730.09,731.87,2843.2,2.05,23.25,1,0,0,965.04,-82,,0,,0,,3,199
7,4957735,254362,12.27,730.09,731.87,2843.2,2.05,23.25,1,0,0,965.06,-82,,0,,0,,3,199
7,4958737,255364,12.29,730.09,731.87,2843.2,2.05,23.25,1,0,0,965.07,-83,,"-1,02",,"-1,03",,3,199
7,4959738,256365,12.23,730.09,731.87,2843.2,2.05,23.25,1,0,0,965.06,-82,,"0,98",,"1,96",,3,199
7,4960740,257367,12.24,730.09,731.87,2843.2,2.05,23.25,1,0,0,965.07,-83,,"-1,02",,"-2,03",,3,199
7,4961741,258368,12.21,730.09,731.87,2843.2,2.05,23.25,1,0,0,965.06,-82,,"0,98",,"1,96",,3,199
7,4962743,"259,37",12.21,730.09,731.87,2843.2,2.05,23.25,1,0,0,965.08,-83,,"-1,02",,"-2,03",,3,199
7,4963744,260371,12.36,730.09,731.87,2843.2,2.05,23.25,1,0,0,965.08,-83,,0,,1,,3,199
7,4964745,261372,12.3,730.09,731.87,2843.2,2.05,23.25,1,0,0,965.09,-83,"-82,88888889",0,-86,0,-15,3,199
7,4965747,262374,12.05,730.09,731.87,2843.2,2.05,23.25,1,0,0,965.08,-83,,0,,0,,3,199
7,4966749,263376,12.15,730.09,731.87,2843.2,2.05,23.25,1,0,0,965.1,-83,,0,,0,,3,199
7,4967751,264378,12.26,730.09,731.87,2843.2,2.05,23.25,1,0,0,965.1,-83,,0,,0,,3,199
7,4968753,"265,38",12.22,730.09,731.87,2843.2,2.05,23.25,1,0,0,965.08,-83,,0,,0,,3,199
7,4969755,266382,12.2,730.09,731.87,2843.2,2.05,23.25,1,0,0,965.13,-83,,0,,0,,3,199
7,4970756,267383,12.06,730.09,731.87,2843.2,2.05,23.25,1,0,0,965.12,-83,,0,,0,,3,199
7,4971758,268385,12.22,730.09,731.87,2843.2,2.05,23.25,1,0,0,965.14,-83,,0,,0,,3,199
7,4972759,269386,12.23,730.09,731.87,2843.2,2.05,23.25,1,0,0,965.14,-83,,0,,0,,3,199
7,4973760,270387,12.21,730.09,731.87,2843.2,2.05,23.25,1,0,0,965.15,-83,,0,9195,0,1029,3,199
7,4974762,271389,12.18,730.09,731.87,2843.2,2.05,23.25,1,0,0,965.16,-83,,0,,0,,3,199
8,4984764,281391,12.39,730.09,731.87,2843.2,2.05,23.25,1,0,0,965.16,2760,,"1224,49",,"24573,1",,3,199
